SMILES,logPapp
CCCC(=O)c1cc(C#N)c(N2CCC(C(=O)NS(=O)(=O)C(C)c3ccccc3)CC2)nc1C,0.0
CCCCc1nc(Cl)c(CO)n1Cc1ccc(-c2ccccc2-c2nn[nH]n2)cc1,0.060698
CC(=O)N[C@H](CC1CCCCC1)C(=O)NCCc1ccccc1,1.648234
CCCC(=O)c1cc(C#N)c(N2CCC(C(=O)NS(=O)(=O)C3(c4ccccc4)CC3)CC2)nc1C,0.716003
O=C(C[C@H]1CNC(=O)c2cc(-c3cccc(F)c3)cn21)N[C@H](CO)c1ccccc1,0.431364
CCNC(=O)N1CCC(NS(=O)(=O)c2ccc(NC(=O)c3ccccc3C)c3ccccc23)CC1,0.278754
CC(C)C[C@@H]1NC(=O)[C@H](Cc2ccccc2)N(C)C(=O)CN(C)C(=O)[C@H](C)NC(=O)[C@H](Cc2ccc(O)cc2)N(C)C(=O)[C@H]2CCCN2C1=O,0.033424
O=C(CCc1ccc(O)cc1)c1ccc(O)cc1O,1.2600090000000002
CCOC(=O)c1cc(C#N)c(N2CCN(C(=O)NS(=O)(=O)c3ccccc3)CC2)nc1C,-0.522879
CN1CCC(=C2c3ccccc3CC(=O)c3sccc32)CC1,2.045323
Cc1cc(COc2ccc(C(=O)NC3(CC(=O)NO)CCN(CCS(C)(=O)=O)CC3)cc2)c2ccccc2n1,-0.091515
CN1CCN(c2ccc(C(=O)Nc3[nH]nc4ccc(Cc5cc(F)cc(F)c5)cc34)c(N[C@H]3CC[C@H](O)CC3)c2)CC1,0.255273
OC[C@H]1O[C@H](Oc2ccc(-c3ccc(-c4nn[nH]n4)cc3)cc2)[C@@H](O)[C@@H](O)[C@@H]1O,-0.709965
CCCOC(=O)c1ccc(O)cc1,1.61
Cc1nn(-c2ccc3onc(N)c3c2)c2c(=O)n(-c3ccc(-c4ccccc4CN(C)C)cc3)c(C)nc12,0.78533
NC1=N[C@](c2ccncc2)(c2cccc(-c3cncnc3)c2)c2cccc(F)c21,1.342423
Cc1cnc(-c2ccccc2C(C)C)nc1NCc1ccc(-n2ccnn2)cc1,1.36135
Cc1c(Cc2ccccc2S(=O)(=O)c2ccc(F)cc2)c(-c2ccccc2)nn1CC(=O)O,0.30103
CCc1cc(C(N)=S)ccn1,1.6005955
COc1cc(C)c(S(=O)(=O)N(C)CCOCC(=O)N2CCN(C3CCN(C)CC3)CC2)c(C)c1,0.079181
O=C(O[C@H]1C[C@H](n2cc(F)c(=O)[nH]c2=O)O[C@@H]1CO)c1cccnc1,0.293363
O=C(NC[C@@H](O)c1ccccc1)c1ccc(N2CCN(C(=O)c3ccccc3C(F)(F)F)CC2)nn1,1.361728
COc1ccccc1/C=C1\CNC/C(=C\c2ccccc2OC)C1=O,1.511883
CC(C)C[C@@H]1NC(=O)[C@H](Cc2ccc(O)cc2)NC(=O)[C@H]2CCCN2C(=O)[C@@H](CC(C)C)NC(=O)[C@H](CC(C)C)NC(=O)[C@@H](CC(C)C)NC1=O,-0.229148
CC(=O)N1C[C@H](C(=O)NO)[C@H](NC(=O)c2ccc(OCc3cc(C)nc4ccccc34)cc2)C1,-0.69897
CN(C)C(=O)c1cc(CN2CCOc3c(F)cccc32)c2oc(N3CCOCC3)cc(=O)c2c1,0.812913
COc1ccc(CN2CCC(NC(=O)c3noc(-c4cc(Cl)c(O)cc4O)c3-c3ccc(OC)cc3)CC2)cc1,-0.016825
COc1ccc(-c2c(C(=O)NC3CCN(Cc4ccccc4)CC3)noc2-c2cc(Cl)c(O)cc2O)cc1,-0.028724
C=C(F)CN(C)C(=O)[C@@]1(c2ccsc2)C[C@H]1CN,1.139879
CNC(=O)c1cc(Oc2ccc3oc(Nc4ccccc4F)nc3c2)ccn1,1.0
CCC12CCN(CC3(O)CC3)C(Cc3ccc(O)cc31)C2(C)C,1.268355
Cc1nc(CN(C)c2ncnc3ccc(-c4ccc5c(c4)OCO5)cc23)cs1,1.276462
N=C(N)SCc1cc(F)ccc1Oc1ccc(F)cc1CSC(=N)N,-0.823909
NC[C@H]1CC[C@H](C(=O)O)CC1,0.893762
COC(=O)N[C@H](C(=O)NN(CC[C@@](O)(Cc1ccccc1)C(=O)N[C@H]1c2ccccc2C[C@H]1O)Cc1ccc(-c2ccccn2)cc1)C(C)(C)C,0.544068
COc1cccc(-c2cccc(C3(c4ccncc4)N=C(N)N4CCCN=C43)c2)c1F,0.0
CC(C)C[C@H]1C(=O)NCC(=O)N[C@@H](CCCN=C(N)N)C(=O)NCC(=O)N[C@@H](CC(=O)O)C(=O)N[C@H](Cc2ccccc2)C(=O)N1C,-1.522879
CC(NC(C)(C)C)C(=O)c1cccc(Cl)c1,2.048046
O=C(NCCc1ccccc1)c1ccc(N2CCN(C(=O)c3ccccc3C(F)(F)F)CC2)nn1,1.20412
Cc1c(Cc2ccccc2Cc2ccccc2)c2c(n1CC(=O)O)CCNC2=O,-0.69897
COc1ccc(N2N=C(S(C)(=O)=O)C3CCN(c4ccc(C5(CN(C)C)CC5)cc4)C(=O)C32)cc1,-0.09691
CC(C)(C)c1cccc(Nc2nc3cc(Oc4ccnc(C(N)=O)c4)ccc3s2)c1,1.0
CC1(c2cccc(-c3cncnc3)c2)N=C(N)c2c(F)cccc2O1,1.591065
CC(C)(C)[C@@H](O)C(=O)N1CSC(C)(C)[C@H]1C(=O)NCc1cc(Cl)ccc1-n1cnnn1,0.792392
O=C(OCc1ccccc1)c1ccccc1-c1ccc(CN2CCC(COC(=O)c3c4n(c5ccccc35)CCCO4)CC2)cc1,0.041393
O=C(NCc1cc(Cl)ccc1-n1cnnn1)[C@@H]1[C@@H]2C[C@@H]2CN1C(=O)[C@H](O)c1ccccc1,0.342423
COc1cc(Oc2ccc(C3NC(=O)[C@H](NC(=O)OC(C)(C)C)CCCCC/C=C/CCCS(=O)(=O)NC(=O)c4ccccc4NC3=O)cc2)nc(-c2ccccc2)n1,-0.60206
COc1c(C)cc(C2(c3cccc(-c4cncnc4)c3)N=C(C)C(N)=N2)cc1C,1.447158
C=CCO[C@H](CCC(C)(C)O)[C@](C)(O)[C@H]1CC[C@@]2(O)C3=CC(=O)[C@@H]4C[C@@H](O)[C@@H](O)C[C@@]4(C)C3CC[C@]12C,1.31
CC1=C(C(=O)O)N2C(=O)[C@@H](NC(=O)[C@H](N)C3=CCC=CC3)[C@H]2SC1,0.31
Cc1cc(S(=O)(=O)Nc2ccc(C(F)(F)F)cc2)cc2c1NC(=O)C(C)(C)NC2=O,0.845098
Cc1ccc(CCNc2ncc(C)n(CC(=O)N(C)CCON=C(N)N)c2=O)cc1,-0.568636
CN(C)C(=N)N=C(N)N,-0.180456
CCC(CC)C(=O)O[C@H]1[C@@H](F)[C@H](n2cnc3c(N)ncnc32)O[C@@H]1CNS(=O)(=O)NC(=O)c1ccccc1O,-0.30103
CCCCOc1ncc(C(C)=O)cc1-c1nc(O)c2nn(C3CN(CC)C3)c(CC)c2n1,1.477121
C[C@H](N[C@H](CCc1ccccc1)C(=O)O)C(=O)N1CCC[C@@H]1C(=O)O,0.12
O=C(N[C@@H]1CCOC[C@@H]1C(=O)NO)c1ccc(Cn2c(C(F)(F)F)nc3ccccc32)cc1,-0.154902
Cn1c(N)nc2cc(Cl)ccc21,0.716838
O=C(Nc1cnc(-c2ccncc2)c(-c2ccccn2)n1)C1CC1,1.544068
CCCS(=O)(=O)N1CCC(CNC(=O)c2ccc(C(F)(F)F)cc2F)(C(=O)N2CCOCC2)CC1,1.342423
CC(=O)NC(c1cccs1)c1cc(Br)c2cccnc2c1O,0.944483
CC#CC#CCCCC/C=C/C(=O)NCC(C)CC,1.7703195
CC(C)(C)CCn1nc(N2CCCC2)c(O)c(C2=NS(=O)(=O)c3cc(NS(C)(=O)=O)ccc3N2)c1=O,-0.431798
Cc1ccc(C(=O)Nc2ccc(OC(CCN(C)C)c3ccccc3)cc2)cc1Cl,1.298853
CC(C)[C@@H](C(=O)N(C)[C@@H](Cc1ccc(O)c(C(C)(C)C)c1)C(N)=O)N(C)C(=O)[C@@H](N)Cc1ccccc1,0.363612
CCCCCc1c(Cl)nc(NC(=O)NC(C)(C)C)c(=O)n1CC(=O)Nc1ccccc1C(=O)NS(=O)(=O)c1ccc(C(F)(F)F)cc1,-1.39794
CC(=O)N1CCN(c2nc3c(c(N(C)Cc4cc5ccccc5cn4)n2)CN(C(C)C)C3=O)CC1,0.462398
CCc1nnc([C@@H](C)NS(=O)(=O)c2ccc(Cl)cc2)n1CC,1.045323
CC(C)(NC(=O)c1nc(-c2cccc(-c3ccc(N)nc3)c2)cnc1N)C1CCNCC1,0.075547
CC(C)C[C@@H]1NC(=O)[C@H](CC(C)C)NC(=O)[C@@H](CC(C)C)NC(=O)[C@H](Cc2ccc(O)cc2)NC(=O)[C@@H]2CCCN2C(=O)[C@H](CC(C)C)NC1=O,-0.431798
CCOC(=O)c1cc(C#N)c(N2CC(NC(=O)NS(=O)(=O)c3ccc(Cl)cc3)C2)nc1C,0.079181
CC(=O)N[C@@H](Cc1c[nH]c2ccccc12)C(=O)N[C@@H](C)C(=O)NCC(=O)NCC(=O)N[C@@H](CCCCN)C(=O)N[C@@H](C)C(N)=O,-1.31
CN(c1ccncc1)c1ccc(-c2ccc3c(C(N)=O)nn(-c4ccc5onc(N)c5c4)c3c2F)c(F)c1,0.146128
Cc1cc(COc2ccc(NC(=O)[C@H]3CCN(C(=O)OCc4nccs4)C[C@@H]3C(=O)NO)cc2)c2ccccc2n1,-1.0
CN(Cc1ccccc1)C(=O)[C@@]1(c2ccc(Cl)c(Cl)c2)C[C@H]1CN1CCC(c2ccccc2)(N(C)C(=O)C(N)=O)CC1,0.113943
C/N=C(\NC#N)NCCSCc1[nH]cnc1C,0.099754
Cc1c(CN(CCc2ccccn2)C2CCN(C(=O)c3c(F)cccc3F)CC2)c(=O)n(-c2ccc(F)cc2)n1C,0.146128
CC(Nc1ccc(F)cc1)c1cc(C(=O)NCCN(C)C)cn2c(=O)cc(N3CCOCC3)nc12,-0.69897
O=C(Cc1nc(O)cc(N2CCOCC2)n1)N1CCc2c1cccc2C(F)(F)F,0.662758
O=C1CCCN1CCn1cc(-c2cnc3nnn(Cc4ccc5ncccc5c4)c3n2)cn1,1.340444
COc1cccc(-c2c(C)n(Cc3c(F)cccc3F)c(=O)n(C[C@H](NCCCC(=O)O)c3ccccc3)c2=O)c1F,-0.39794
Cn1cc(-c2cnc3nnn(Cc4ccc5ncccc5c4)c3n2)cn1,1.071882
N#Cc1ccc2ccc(=O)n(CCN3CCC(NCc4ccc5c(n4)NC(=O)CO5)CC3)c2c1,0.30103
CC(C(=O)O)c1ccc2c(c1)Cc1cccnc1O2,1.61
C[C@@H]1NC(=O)[C@@H](C)N(C)C(=O)[C@H](C)N(C)C(=O)[C@@H](C)N(C)C(=O)[C@@H](C)N(C)C(=O)[C@H](C)N(C)C1=O,0.7
COC1=CC(=O)C[C@@H](C)[C@]12Oc1c(Cl)c(OC)cc(OC)c1C2=O,1.6190816666666663
Cc1nn(-c2ccnc(Nc3ccc4c(c3)c(Cl)c(C)n4C)n2)cc1CN1CC[C@@H](O)C1,0.792392
Cc1cc(C2CCN(CCCF)CC2)cc2[nH]c(-c3c(NCCn4cc(Cl)cn4)ccnc3O)nc12,1.037426
Cc1cc(COc2ccc(NC(=O)[C@H]3CCN(C(=O)OC4CC4)C[C@@H]3C(=O)NO)cc2)c2ccccc2n1,-0.69897
O=C(O)C1=C/C(=N\Nc2ccc(S(=O)(=O)Nc3ccccn3)cc2)C=CC1=O,-0.517118
CC1CCC(=O)CCC/C=C/c2cc(O)cc(O)c2C(=O)OC1,1.02
CS(=O)(=O)Cn1cnc2c(N3CCOCC3)nc(-c3cccc4[nH]ccc34)cc21,1.146128
O=C1CC(c2ccc(O)c(O)c2)Oc2cc(O)cc(O)c21,0.72
Cc1nc2n(c(=O)c1CCN1CCC(c3noc4cc(F)ccc34)CC1)CCCC2,1.103804
COc1cc(OC)c2c(=O)cc(-c3ccccc3)oc2c1,1.368678
Cc1cc(C(F)(F)F)c(-c2ccc(C[C@H](NC(=O)c3c(Cl)cccc3Cl)C(=O)OCCN3CCOCC3)cc2)c(=O)n1C,1.209515
C[C@@H]1NC(=O)[C@@H](C)N(C)C(=O)[C@H](C)N(C)C(=O)[C@@H](C)N(C)C(=O)[C@@H](C)N(C)C(=O)[C@H](C)NC1=O,0.18
CO[C@H]1C(=O)[C@]2(C)[C@@H](OC(=O)N(C)C)C[C@H]3OC[C@@]3(OC(C)=O)[C@H]2[C@H](OC(=O)c2ccccc2)[C@]23OC(=O)O[C@H]2[C@H](OC(=O)[C@H](O)[C@@H](NC(=O)OC(C)(C)C)c2ccccn2)C(C)=C1C3(C)C,0.390935
O=C(NC(Cc1c[nH]c2ccccc12)C(=O)O)OCc1ccccc1,0.2
c1ccc2c(NCCCCCCCNc3c4c(nc5ccccc35)CCCC4)c3c(nc2c1)CCCC3,0.558753
CC(C)C[C@@H]1NC(=O)[C@@H](CC(C)C)N(C)C(=O)[C@H](CC(C)C)NC(=O)[C@H](Cc2ccc(O)cc2)NC(=O)[C@H]2CCCN2C(=O)[C@H](CC(C)C)NC1=O,0.225309
CN1CCc2c(cccc2C(=O)NCC2(N3CCN(c4ccccc4)CC3)CCCCC2)C1,1.041393
COC(=O)N[C@H](C(=O)NN(CCC[C@@]1(Cc2ccccc2)C(=O)N([C@H]2c3ccccc3C[C@H]2O)C[C@H]1O)Cc1ccc(-c2cccnc2)cc1)C(C)(C)C,0.643453
C/C=C\C#C/C=C/C(O)CCCCCC(C)=O,1.690098
CN1CCC(Nc2cc(N3CCN(C)CC3)ccc2C(=O)Nc2[nH]nc3ccc(Cc4cc(F)cc(F)c4)cc23)CC1,0.176091
COc1ccc(-c2oc3cc(O)cc(O)c3c(=O)c2O)cc1,0.81
CC[C@H](C)[C@@H]1NC(=O)[C@@H]2CCCN2C(=O)[C@H](CC(C)C)NC(=O)[C@@H]2CCCN2C(=O)[C@H](Cc2ccccc2)NC(=O)[C@H](C)NC(=O)c2csc1n2,-0.69897
CC1=N[C@@](Cc2ccccc2)(c2cccc(-c3cncnc3)c2)N=C1N,1.491362
CCCc1nn(C)c2c(O)nc(-c3cc(C(=O)CN4CCOCC4)ccc3OCC)nc12,1.518514
Cc1cnc(NCCc2ccc(F)c(F)c2)c(=O)n1CC(=O)NCCON=C(N)N,-0.036212
CCCCn1c(-c2cc(-c3cccc4[nH]ncc34)ccc2C)cn2c3c(=O)[nH]c(=O)n(C)c3nc12,0.904174
NC(CCC(=O)O)C(=O)O,-0.07
CO[C@H]1C[C@H]2OC[C@@]2(OC(C)=O)[C@H]2[C@H](OC(=O)c3ccccc3)[C@]3(O)C[C@H](OC(=O)[C@H](O)[C@H](CC(C)C)NC(=O)OC(C)(C)C)C(C)=C([C@@H](OC(=O)N(C)C)C(=O)[C@]12C)C3(C)C,0.912222
CC(C)C[C@H](CO)Nc1nc(S(=O)(=O)Cc2ccccc2)nc2nc(O)sc12,0.0
CN[C@@H](Cc1ccccc1)C(=O)N[C@@H](Cc1ccccc1)C(N)=O,1.143015
CC(C)[C@H](NC(=O)[C@H](OCc1ccccc1)[C@H](O)[C@@H](O)[C@@H](OCc1ccccc1)C(=O)N[C@H]1c2ccccc2C[C@H]1O)C(=O)NCC(F)(F)F,0.4615986666666667
CCC(C)C(=O)OC1CC(C)C=C2C=CC(C)C(CCC3CC(O)CC(=O)O3)C21,1.16
O=C(Cc1nc(O)cc(N2CCOCC2)n1)N1CCc2c(-c3ccccn3)cccc21,0.623249
O=C(N[C@@H](Cc1ccc(Cl)c(Br)c1)C(=O)O)c1ccc(Br)cc1NS(=O)(=O)c1cccc2nccnc12,-1.0
COCCCOC(=O)[C@H](Cc1ccc(-c2c(C(F)(F)F)cc(C)n(C)c2=O)cc1)NC(=O)c1c(Cl)cccc1Cl,1.357935
C=C(NC1C(=O)N2C(C(=O)O)=C(COC(C)=O)CSC12)/C(=N\OC)c1csc(N)n1,0.193125
O=C(O)c1cc(/N=N/c2ccc(S(=O)(=O)Nc3ccccn3)cc2)ccc1O,0.621829
CC(C)CCCC(C)C1CCC2C3CC=C4CC(O)CCC4(C)C3CCC12C,1.601277
O=C(NC1(C(=O)N[C@H](Cc2ccccc2)C(=O)NCCCN2CCOCC2)CCCC1)c1cc2ccccc2s1,0.954243
CC(C)Oc1ccc(C(=O)NC2(C(=O)N[C@H](Cc3ccccc3)C(=O)NCC3CCN(CC4CCOCC4)CC3)CCCC2)cc1,-0.09691
O=C(NCC1CCC1)c1nccnc1NC(=O)c1ccc(Cn2ccnn2)c2ccccc12,1.69897
CC(C)C[C@H]1NC(=O)[C@H](Cc2ccccc2)NC(=O)CNC(=O)[C@@H](C)NC(=O)[C@H](Cc2ccc(O)cc2)NC(=O)/C=C\c2ccccc2OCOC1=O,-0.349207
Cc1ccc2c(NC3CC3)noc2c1-c1ccc2c(c1)NC(=O)C21CCC(F)(F)CC1,1.0
COc1cc2nc(N(C)CCCNC(=O)C3CCCO3)nc(N)c2cc1OC,0.36
CO[C@H]1C(=O)[C@]2(C)[C@@H](OC(=O)N(C)C)C[C@H]3OC[C@@]3(OC(C)=O)[C@H]2[C@H](OC(=O)c2ccccc2)[C@]2(O)C[C@H](OC(=O)[C@H](O)[C@H](CC(C)C)NC(=O)OC(C)(C)C)C(C)=C1C2(C)C,1.028571
CCCCCCCCC(N)C(=O)NC(CCCCCCCC)C(=O)N[C@@H](CCC(=O)O)C(=O)N[C@@H](Cc1c[nH]c2ccccc12)C(N)=O,0.253822
CN(C)C(=O)c1cccc(N=c2c(O)c(O)/c2=N\C2CCCC2)c1O,1.004321
CN(C)CCn1cc(-c2cnc3nnn(Cc4ccc5ncccc5c4)c3n2)cn1,1.667453
COc1cccc(-c2cccc(C3(c4ccncc4)N=C(C)C(N)=N3)c2)c1,1.60206
C#C[C@@]1(O)CC[C@@H]2[C@H]3CCC4=Cc5oncc5C[C@@]4(C)[C@@H]3CC[C@]21C,1.438539
CCCCc1ccc(C(=O)NC2(C(=O)N[C@H](Cc3ccccc3)C(=O)NCC3CCN(CC4CCOCC4)CC3)CCCC2)nc1,1.245513
COc1cc(C(=O)c2ccn(-c3cccc(N)c3)c2)cc(OC)c1OC,1.090611
O=C(CCCN1CC[Si](O)(c2ccc(Cl)cc2)CC1)c1ccc(F)cc1,1.296665
O=C(N[C@@H](Cc1ccc(Cl)c(Br)c1)C(=O)O)c1ccc(Br)cc1NS(=O)(=O)c1cccc2nsnc12,-1.0
COc1ccc(-n2nc(C(N)=O)c3c2C(=O)N(c2ccc(C4(CS(C)(=O)=O)CC4)cc2)CC3)cc1,1.161368
COc1ccc(-n2nc(C#N)c3c2C(=O)N(c2ccc(C4(N(C)C)CC4)cc2)CC3)cc1,1.230449
NC(=O)[C@H](Cc1ccccc1)N1CCNC(=O)CCCN[C@@H](Cc2ccccc2)C(=O)NCC(=O)NCC(=O)NCC(=O)NCC1=O,0.436163
CC(C)NC[C@@H](O)COc1ccc(CCOCC2CC2)cc1,1.19
CC(C)(C)Cc1nn(CCC2CC2)c(=O)c(C2=NS(=O)(=O)c3cc(NS(C)(=O)=O)ccc3N2)c1O,-0.154902
CC(C)CN(C(=O)c1cccc(Cl)c1Cl)[C@H]1CCNC1,1.079181
COc1cccc(-c2cccc(C3(C4CCN(C(C)=O)CC4)N=C(C)C(N)=N3)c2)c1,0.477121
C[C@H]1[C@H](OC(=O)CCC(=O)O)O[C@@H]2O[C@@]3(C)CC[C@H]4[C@H](C)CC[C@@H]1[C@@]24OO3,0.6
N#Cc1ccc(Cn2cncc2CN2CCN(C(=O)C3CCCCC3)CCC2c2ccccc2)cc1,1.399674
C=CCN(C(=O)[C@@]1(c2ccsc2)C[C@H]1CN)C1CC1,0.724276
CC1(C)NC(=O)Cn2c1nc(-c1ccc(F)cc1)c2Nc1ccc(F)c(Cl)c1,0.5121955
CN1C(=O)N(Cc2cc(Cl)ccc2F)C(=O)[C@]12C(=O)N(CC(=O)O)c1ccc(Cl)cc12,-0.221849
COc1ncccc1[C@@H](C)c1c(CCN(C)C)sc2ccccc12,1.33646
Cn1c(N2CCCN(CC/C=C3/c4ccccc4CCc4ccc(CC(=O)O)cc43)CC2)cc(=O)n(C)c1=O,0.681241
CSc1nn(-c2ccccc2)c2cc(NC(=O)C3CCNCC3)ccc12,0.217484
C#CC#CC/C=C\CCCCC/C=C/C(=O)NCC(C)CC,1.57
CCOC(=O)[C@H](Cc1ccc(-c2c(C(F)(F)F)cc(C)n(C)c2=O)cc1)NC(=O)c1c(Cl)cccc1Cl,1.432969
C[C@@H]1NC(=O)[C@H](C)N(C)C(=O)[C@@H](C)N(C)C(=O)[C@H](C)NC(=O)[C@@H](C)NC(=O)[C@@H](C)NC1=O,0.7
O=C(Nc1ccc(Cl)cc1)c1ccnn1CCc1ccncc1,0.841323
COc1cnn(C)c(=O)c1-c1ccc(C[C@H](NC(=O)c2c(Cl)cccc2Cl)C(=O)O)cc1,-0.886057
CC(C)=CCC[C@](C)(O[C@@H]1O[C@@H](CO)[C@@H](O)[C@H](O)[C@H]1O)[C@H]1CC[C@]2(C)[C@@H]1[C@H](O)C[C@@H]1[C@@]3(C)CC[C@H](O)C(C)(C)[C@@H]3C(O[C@@H]3O[C@H](CO)[C@@H](O)[C@H](O)[C@H]3O)C[C@]12C,-0.58835
COc1c(C)cc(C2(c3cccc(-c4cncnc4)c3)N=C(N)c3c(F)cccc32)cc1C#N,1.361728
Cc1nc(C(=O)N2c3cccc(O)c3N=C3CC(C)(C)CC(O)=C3[C@@H]2c2ccc(OCc3ccccc3)cc2F)c(C)o1,1.037426
COc1ccc2cc(C(=O)N3CCc4cc(OC)c(OC)cc4C3)ccc2c1,1.285557
Cc1cnc(CS(=O)c2nc3ccccc3[nH]2)cc1OCC(F)(F)F,1.893762
C=C[C@H]1CN2CC[C@H]1C[C@H]2[C@H](O)c1ccnc2ccc(OC)cc12,1.502427
COc1ccc(C2(c3ccc(F)c(-c4cccnc4)c3)N=C(N)N3CC(F)(F)CN=C32)cc1C,0.518514
CCO/N=C(\N)c1ccc(-c2ccc(-c3ccc(/C(N)=N/OCC)cc3)o2)cc1,0.770426
Cn1c(N2CCCN(CCCN3c4ccccc4COc4ccc(C(=O)O)cc43)CC2)cc(=O)n(C)c1=O,0.799341
COc1cc(Nc2cc(-c3cccc(C#N)c3)ccn2)ccc1N1CCN(C)CC1,1.1915485
COc1cccc(-c2c(C)n(Cc3c(F)cccc3C(F)(F)F)c(=O)n(C[C@H](NCCCC(=O)O)c3ccccc3)c2=O)c1F,0.447158
O=C(OC1CC2CC3CC(C1)N2CC3=O)c1c[nH]c2ccccc12,1.110589
O=C1NNC(=O)C1(c1ccccc1)c1ccccc1,1.470606
CC(C)(C)CCN1C(=O)C(C2=NS(=O)(=O)c3cc(NS(C)(=O)=O)ccc3N2)=C(O)C2CCCCN21,-0.508638
C[C@@H]1NC(=O)[C@H](C)N(C)C(=O)[C@@H](C)N(C)C(=O)[C@H](C)N(C)C(=O)[C@@H](C)NC(=O)[C@@H](C)N(C)C1=O,0.7
NC(Cc1ccccc1)C(=O)OC[C@@H]1O[C@H](n2cc(F)c(=O)[nH]c2=O)C[C@H]1O,0.610862
NCC(=O)N1CCn2c(nc(-c3ccc(F)cc3)c2Nc2ccc(F)c(F)c2)C1,-0.004365
Cc1nc(-n2ccc(OCc3cscn3)cc2=O)sc1C(=O)NCc1ccccc1,1.041393
CCOC(=O)c1ccc(/C=C2\CNC/C(=C\c3ccc(C(=O)OCC)cc3)C2=O)cc1,0.450249
NC(=O)N1c2ccccc2C=Cc2ccccc21,1.63571
CN1CCN(Cc2ccc(C(c3nnnn3Cc3ccccc3)N3CCCN(C4CCC4)CC3)cc2)CC1,-0.0979399999999999
CNC(=O)[C@@H](NC(=O)[C@H](OCc1ccccc1)[C@H](O)[C@@H](O)[C@@H](OCc1ccccc1)C(=O)N[C@H]1c2ccccc2C[C@H]1O)C(C)C,0.1474186666666666
CNCc1ccccc1N1CCC(NC(=O)c2cc(C(F)(F)F)nn2-c2ccc3onc(N)c3c2)CC1,-1.0
CCC1(C)NC(=O)c2cc(S(=O)(=O)Nc3ccccc3Cl)ccc2NC1=O,0.80618
COC(=O)N[C@@H](CCN1[C@@H]2CC[C@H]1C[C@@H](n1c(C)nc3c1CN(C(C)=O)CC3)C2)c1cccc(F)c1,0.778151
O=C(N[C@@H]1C[C@@]2(CCCO2)C[C@@H]1C(=O)NO)c1ccc(Cn2c(C3CC3)nc3ccccc32)cc1,-1.0
O=c1cc([C@H]2CCN[C@@H](CCc3ccccc3)C2)o[nH]1,0.414973
COC(=O)C(C)NP(=O)(OC[C@@H]1C=C[C@H](n2cc(C)c(=O)[nH]c2=O)O1)Oc1ccc(Br)cc1,0.304591
O=c1cc([C@@H]2CCN[C@H](Cc3ccccc3)C2)o[nH]1,0.612784
C=CCc1cc(OC)c(OC(C)C(O)c2cc(OC)c(OC)c(OC)c2)c(OC)c1,1.45
Cc1ccc(C(=O)NC2CC2)cc1-c1cc2cnn(-c3ccc(F)cc3F)c2n(C)c1=O,1.30103
COc1ccc2c(c1)C13CCCCC1C(C2)N(C)CC3,1.26
O=C(Nc1ccccc1)c1ccc(N2CCN(C(=O)c3ccccc3C(F)(F)F)CC2)nn1,1.113943
CNC1(c2ccccc2Cl)CCCCC1=O,1.74
Cc1cc(COc2ccc(C(=O)NC3(CC(=O)NO)CCN(CCF)CC3)cc2)c2ccccc2n1,-0.259637
N#Cc1cccnc1N1CCN(C(=O)c2cccc(C(F)(F)c3nnc(O)c4ccccc34)c2)CC1,0.69897
Cc1ccccc1CN(CCN(Cc1cncn1C)c1ccc(C#N)cc1)S(=O)(=O)c1cn(C)cn1,-0.39794
Cn1cc(C#N)c2ccccc21,1.564666
O=C1OC2(c3ccc(O)cc3Oc3cc(O)ccc32)c2ccccc21,1.453318
CC(C)N1CCN(C(=O)c2ccc(CN3CCOCC3)cc2)CC1,1.335458
Nc1ncnc2c1C(=O)N(c1ccc(-c3ccccc3F)cc1)CCO2,1.0
Cc1cnc(NCC(F)(F)c2ccccc2)c(=O)n1CC(=O)NCCON=C(N)N,0.136721
Oc1cccc(-c2ccc3c(-c4cccnc4)c(O)ccc3c2)c1,1.146128
FC(F)(F)c1ccc(N2CCNCC2)nc1Cl,1.4
C=CCN(CC=C)C(=O)[C@@]1(c2cccs2)C[C@H]1CN,1.222716
O=C(CC1CNC(=O)c2cc(-c3ccc(F)c(F)c3)cn21)NCC1CCCCC1,1.071882
CO[C@H](CCC(C)C)[C@](C)(O)[C@H]1CC[C@@]2(O)C3=CC(=O)[C@@H]4C[C@@H](O)[C@@H](O)C[C@@]4(C)C3CC[C@]12C,1.42
CN1CCN(c2c(F)cc3c(=O)c(C(=O)O)cn(CCF)c3c2F)CC1,1.190026
C[C@H](c1c(CCN(C)C)sc2ccccc12)n1cccn1,1.33646
CS(=O)(=O)Nc1ccc2c(c1)S(=O)(=O)NC(C1=C(O)[C@@H]3[C@H]4CC[C@H](C4)[C@@H]3N(Cc3ccc(F)cc3)C1=O)=N2,0.113943
COc1c(C)cc([C@@]2(c3cccc(-c4cncnc4)c3)N=C(C)C(N)=N2)cc1C,1.342423
C[C@H](CSN=O)C(=O)N1CCC[C@@H]1C(=O)O,1.5
O=C(O)CCCN1CC(C(=O)NS(=O)(=O)c2ccccc2)Oc2c(NC(=O)c3ccc(OCCCCc4ccccc4)cc3)cccc21,-1.221849
CCCCCCCC(=O)NCCCC[C@@H]1NC(=O)[C@H]2CCCN2C(=O)[C@H](CCCN=C(N)N)NC(=O)[C@H](CCCCN)NC(=O)[C@H](CCCCN)NC1=O,-0.035269
CC(C)C1=NC(C)(c2cccc(-c3cccnc3)c2)N=C1N,1.579784
CC(=O)NCC1CN(c2ccc(C(C)=O)cc2)C(=O)O1,1.41
C[C@@H]1NC(=O)[C@@H](C)N(C)C(=O)[C@H](C)N(C)C(=O)[C@@H](C)N(C)C(=O)[C@@H](C)NC(=O)[C@H](C)N(C)C1=O,0.18
F[C@@H]1CNCC[C@H]1n1cc(-c2ccc3c(c2)Cc2c[nH]nc2-3)c(-c2ccncc2)n1,1.055378
Oc1ncnc2c(-n3cc(CCN4CCC(Cc5ccc(Cl)cc5)CC4)cn3)nccc12,0.836324
CCN1C(=O)c2ccccc2S(=O)c2ccc(C(=O)NCc3ccc(OC)cc3)cc21,1.334454
OCCNc1cnc2nnn(Cc3ccc4ncccc4c3)c2n1,0.445604
CN1C[C@@H](OC(=O)N2CCCCC2)C[C@H](C(=O)NO)[C@H]1C(=O)N1CCN(c2ccccc2)CC1,-0.045757
CC(C)C[C@@H]1NC(=O)[C@H](C(C)C)NC(=O)[C@H](Cc2c[nH]c3ccccc23)N(C)C(=O)[C@H](Cc2ccccc2)NC(=O)[C@H](Cc2ccccc2)NC(=O)[C@@H]2CCCN2C1=O,0.230449
CCCS(=O)(=O)N1CCC(CNC(=O)C2CC2)(C(=O)N2CCOCC2)CC1,1.342423
N#Cc1ccccc1Cn1c(N2CCC[C@@H](N)C2)nc2c(Br)cnc-2c1O,0.448706
Cc1c(OCC(F)(F)F)ccnc1CS(=O)c1nc2ccccc2[nH]1,1.89
CC(=O)N[C@@H](CCN1[C@@H]2CC[C@H]1C[C@@H](n1c(C)nc3c1CN(C(=O)OC(C)C)CC3)C2)c1ccccc1,0.69897
CCCS(=O)(=O)c1ccc(C)c(C#Cc2cc(Cl)ccc2OCC(=O)O)c1,0.716003
CC(=O)SC1CC2=CC(=O)CCC2(C)C2CCC3(C)C(CCC34CCC(=O)O4)C12,1.0682815
CC(C)C[C@@H]1NC(=O)[C@H](Cc2c[nH]c3ccccc23)NC(=O)[C@H]2CCCN2C(=O)[C@H](CC(C)C)NC(=O)[C@H](CC(C)C)NC(=O)[C@@H](CC(C)C)NC1=O,0.774517
CC(C)C[C@H](NC(=O)CNC(=O)[C@H](Cc1ccc(O)cc1)NC(=O)[C@H](CO)NC(=O)[C@H](Cc1c[nH]c2ccccc12)NC(=O)[C@H](Cc1c[nH]cn1)NC(=O)[C@@H]1CCC(=O)N1)C(=O)N[C@@H](CCCN=C(N)N)C(=O)N1CCC[C@H]1C(=O)NCC(N)=O,-0.400117
NC(N)=NN=Cc1c(Cl)cccc1Cl,1.67
CNC(=O)c1cc(Oc2ccc3sc(Nc4ccc(OC(F)(F)F)cc4)nc3c2)ccn1,1.0
COC(=O)N[C@H](C(=O)NN(CC[C@@](O)(Cc1ccccc1)C(=O)N[C@H]1c2ccccc2C[C@H]1O)Cc1ccc(-c2cccnc2)cc1)C(C)(C)C,1.414973
CC(C)(C(=O)NCCn1ccc2ncnc(Nc3ccc(Oc4cccc(C(F)(F)F)c4)c(Cl)c3)c21)S(C)(=O)=O,0.5049710000000001
CC[C@H](C)[C@@H]1NC(=O)[C@@H]2CCCN2C(=O)[C@H](C(C)C)NC(=O)[C@@H]2CCCN2C(=O)[C@H](Cc2ccccc2)N(C)C(=O)[C@H](C)NC(=O)c2csc1n2,0.832509
CN1CCN(c2ccc(-n3cc(-c4ccncc4OCC4CCNCC4)cn3)cc2)CC1,1.146128
O=C(O)CCCN1CC(c2nn[nH]n2)Oc2c(CCc3ccc(OCCCCc4ccccc4)cc3)cccc21,-0.283997
C[C@@H]1c2nnc(-c3nc(C(F)(F)F)ns3)n2CCN1C(=O)c1ccc(F)cc1,1.622214
C[C@H](Cc1cccc(CC(=O)NCc2c(F)cccc2Cl)c1)NC[C@H](O)c1ccc(O)c(CO)c1,0.0
Cc1nsc(-c2nnc3n2CCN(C(=O)c2ccc(Cl)cc2)[C@@H]3C)n1,1.669317
COc1ccc2nc(S(=O)Cc3ncc(C)c(OC)c3C)[nH]c2c1,1.7623259999999998
COc1ccc(CN(CCN(C)C)c2ccccn2)cc1,1.34
CCN(CC)C(=O)C1(c2ccccc2)CC1CN,0.94939
COC(C)(C)CC[C@@H](O)[C@](C)(O)[C@H]1CC[C@@]2(O)C3=CC(=O)[C@@H]4C[C@@H](O)[C@@H](O)C[C@@]4(C)C3CC[C@]12C,1.24
COc1cccc(-c2cccc(C3(C)CSCC(N)=N3)c2)c1,0.863323
COc1ccc(C2(c3cccc(-c4cncnc4)c3)N=C(N)C(C(C)C)=N2)cc1,1.477121
CC(=O)Oc1ccccc1C(=O)O[C@H]1C[C@H](n2cc(F)c(=O)[nH]c2=O)O[C@@H]1CO,0.272538
O=C(NCc1cc(Cl)ccc1-n1cnnn1)[C@@H]1CC=NN1C(=O)[C@H](O)c1ccc(F)cc1,0.763428
O=C(NCc1cc(Cl)ccc1-n1cnnn1)[C@@H]1[C@H]2C[C@H]2CN1C(=O)[C@H](O)CC1CC1,0.531479
c1ccc(C2(N3CCCCC3)CCCCC2)cc1,1.52
CC(C)(C)c1ccc(C(O)CCCN2CCC(C(O)(c3ccccc3)c3ccccc3)CC2)cc1,0.7389939999999999
COc1ccc2c(c1)CCC(c1cccnc1)=C2,1.130334
Cc1ccnc2[nH]c(Cc3nc4ccc(/C(N)=N\O)cc4[nH]3)nc12,-0.699485
CC(C)C[C@@H]1NC(=O)[C@H](Cc2ccccc2)NC(=O)CNC(=O)[C@@H](C)NC(=O)[C@H](Cc2ccc(O)cc2)NC(=O)/C=C\c2ccccc2OCOC1=O,-0.520713
CN1C(=O)NC(=O)[C@]12Cc1ccc(NC(=O)Cn3c(=O)n(C4CCS(=O)(=O)C4)c4ccccc43)cc1C2,-0.522879
CC(C)C[C@H](CO)Nc1nc(S[C@@H](C)c2cc(Cl)ccn2)nc2nc(N)sc12,0.0
Cc1cc(COc2ccc(C(=O)N[C@@H]3CN(C(=O)C(C)(C)C)C[C@@H]3C(=O)NO)cc2)c2ccccc2n1,-0.522879
O=C(C1CCCCC1)N1CC(=O)N2CCc3ccccc3C2C1,1.643453
COc1cc(Cl)ccc1C[C@@H](C)C(=O)N1CCN(c2ccc(Cl)cc2[C@@H](NC(=O)[C@@H](C)N)C(C)C)CC1,0.477121
CCCC(=O)c1cc(C#N)c(N2CCC(C(=O)NS(=O)(=O)Cc3ccccc3)CC2)nc1SC,-0.522879
Oc1cc(N2CCOCC2)nc(Cc2nc3cccc(-c4ccccc4)c3o2)n1,1.509203
Cn1c(N2CCCN(CCCN3c4ccccc4COc4ccc(C(C)(C)C(=O)O)cc43)CC2)cc(=O)n(C)c1=O,0.662758
COC(=O)c1ccc(-c2cccc(O[C@H]3O[C@H](CO)[C@@H](O)[C@H](O)[C@@H]3O)c2)cc1,0.68842
COc1cc(CNC(=O)[C@@H](CC2CCCCC2)N/C(N)=N/C(=O)Cc2ccc(OC)c(OC)c2)ccc1F,0.69897
C[C@@H]1CCCN1CCCOc1ccc(-c2cnn(-c3ccccn3)c(=O)c2)cc1,1.136721
O=C1CC(c2ccc(O)cc2)Oc2cc(O)ccc21,1.2
NC(=O)CC[C@H](N)C(=O)O,-0.070291
O=c1cc(-c2ccc(O)cc2)oc2cc(O)c(O)c(O)c12,0.79
NCc1ccc(C(=O)Nc2ccncc2F)cc1-c1cccc(C(=O)Nc2ccccc2)c1,0.361728
CC(NC(=O)[C@@H](N)CCC(=O)OCc1ccccc1)C(=O)O,0.308748
Cc1nc(CNC2CCN(CCn3c(=O)ccc4ccc(C#N)cc43)CC2)ccc1C#N,1.232996
CC1(C)SC2C(NC(=O)C(N)c3ccccc3)C(=O)N2C1C(=O)O,-0.0861865
Cc1cc(N2CCOCC2)cc2[nH]c(-c3c(NC[C@@H](O)c4cccc(Cl)c4)ccnc3O)nc12,0.255273
COc1ccc(CCNc2ncc(C)n(CC(=O)NCCON=C(N)N)c2=O)cc1,-0.552842
Cc1nsc(-c2nnc3n2CCN(C(=O)c2ccc(F)cc2)[C@@H]3CCO)n1,0.959041
Cc1nn(-c2ccnc(Nc3ccc4c(c3)c(C)c(C)n4C)n2)cc1CN1CC(O)C1,0.792392
CC(C)N1CCN(C(=O)c2ccc(CN3CCCCC3)cc2)CC1,1.1134805
CCCC(=O)O[C@H]1[C@@H](F)[C@H](n2cnc3c(N)ncnc32)O[C@@H]1CNS(=O)(=O)NC(=O)c1ccccc1O,-0.30103
O=C1Cc2cc(S(=O)(=O)N3CCN(c4ccc(C(=O)O)cc4)CC3)ccc2N1,-0.221849
Cc1cc(C(=O)Nc2ccc(N3CCC(N4CCCC4C)C3)cc2)n[nH]1,0.963316
COc1ccccc1-n1[nH]c2cc(=O)n3c(c2c1=O)CN(Cc1ccccn1)CCC3,0.146128
NC1=NC(c2ccc(OC(F)F)cc2)(c2cccc(-c3cncnc3)c2)C2=NCC(F)(F)CN12,0.612784
CNC1(c2ccc(N3CCc4c(C(N)=O)nn(-c5ccc(OC)cc5)c4C3=O)cc2)CC1,0.591065
COCCC#Cc1cccc(C2(c3ccc(OC(F)F)cc3)N=C(N)N3CC(F)(F)CN=C32)c1,0.977724
CC(C)NC[C@H](COc1cccc2ccccc12)OC(=O)C1CC1,1.49
COc1cccc(-c2cccc(C3(c4ccncc4)N=C(N)CS3)c2)c1,1.255273
Nc1nc(O)c2ncn([C@@H]3C[C@H](CO)[C@H]3CO)c2n1,-0.055517
COc1cc2ncnc(Nc3c(F)ccc(O)c3C)c2cc1OC,0.913814
COc1ccc(-n2nc(C(N)=O)c3c2C(=O)N(c2ccc(C4(C5=NCCO5)CC4)cc2)CC3)cc1,0.792392
CC1(c2cccc(-c3cccnc3)c2)N=C(N)c2ccccc2O1,1.230449
COc1cc(Sc2c(-n3ccnc3)[nH]c3ccccc23)cc(OC)c1OC,0.751762
O=c1c(O)c(-c2ccccc2)oc2cc(O)cc(O)c12,0.889702
CCC1(C)NC(=O)c2cc(S(=O)(=O)Nc3ccc(F)cc3F)cc(OC)c2NC1=O,1.342423
COc1cccc(/C=C/C(=O)NC2(C(=O)N[C@H](Cc3ccccc3)C(=O)NCC3CCN(CC4CCOCC4)CC3)CCCC2)c1,0.146128
CN(Cc1ccc(F)cc1)C(=O)[C@@]1(c2ccc(Cl)c(Cl)c2)C[C@H]1CN1CCN(C(=O)CN2CCCCC2)CC1,0.462398
O=C(Cc1nc(O)cc(N2CCOCC2)n1)Nc1ccc(F)c(Cl)c1,-0.09691
Oc1ncnc2c(-n3cc(CCN4CCC(c5cccs5)CC4)cn3)nccc12,1.251151
COc1ccc(-c2c(O)ccc3cc(-c4cccc(O)c4)ccc23)cn1,0.90309
COC(=O)N[C@H](C(=O)NN(CCC[C@@]1(Cc2ccccc2)C(=O)N([C@H]2c3ccccc3C[C@H]2O)C[C@H]1O)Cc1ccc(-c2ccccn2)cc1)C(C)(C)C,0.531479
N[C@@H](CC(=O)N1CCC[C@H]1c1noc(C2(C(F)(F)F)CC2)n1)Cc1cc(F)c(F)cc1F,1.361728
N#CC[C@H](C1CCCC1)n1cc(-c2ncnc3[nH]ccc23)cn1,1.332439
CN(Cc1cccc2c1S(=O)(=O)N/C2=C1/C(=O)[C@H](C(C)(C)C)N(Cc2ccc(F)c(Cl)c2)C1=O)S(C)(=O)=O,-0.69897
CC12CCC(=O)C=C1CCC1C2C(O)CC2(C)C1CCC2(O)C(=O)CO,1.288249
Cc1ccc(-c2ncc(Cl)cc2-c2ccc(S(C)(=O)=O)cc2)cn1,1.7196255
O=C(O)c1cc(-c2ccc(F)cc2F)ccc1O,1.2636135
Cc1cc(N2CCC(N3CCCC3C)C2)ccc1NC(=O)c1cc(F)ccc1C,0.963316
CO/N=C(/C(=O)N[C@@H]1C(=O)N2C(C(=O)O)=C(CSc3nc(=O)c(=O)[nH]n3C)CS[C@H]12)c1csc(N)n1,-0.604713
COc1cc(C2Oc3ccc4c(=O)c5ccccc5oc4c3OC2CO)ccc1O,1.158362
CCc1ccc(Nc2nc3cc(Oc4ccnc(C(=O)NC)c4)ccc3o2)cc1,1.0
N#Cc1ccc2ccc(=O)n(CCN3CCC(NCc4cc5c(cn4)OCCO5)CC3)c2c1,0.278754
C=C(C)[C@@H]1CCC(C)=C[C@H]1c1c(O)cc(CC2CN(C(C)=O)C2)cc1O,1.690196
NC(=O)C1CCN(c2ncc(-c3ccc4c(c3)OCCCO4)s2)CC1,1.117271
COc1ccc(-n2nc(C(N)=O)c3c2C(=O)N(c2ccc(C4(CN5CCCC5)CC4)cc2)CC3)cc1,0.0
COc1ccc(C2(c3cccc(-c4cccnc4)c3)N=C(C)C(N)=N2)cc1,1.447158
C=CCN(C(=O)Cc1ccc(S(=O)(=O)NC)cc1)C1CCN(C[C@H]2CN(C(=O)C3CCCC3)C[C@]2(O)c2ccccc2)CC1,0.674861
C/N=C(\NC#N)NCCSCc1nc[nH]c1C,0.268344
COc1cc(C)c(S(=O)(=O)N(C)CCOCC(=O)N2CCN(CCN(C)C)CC2)c(C)c1,0.322219
O=C(O)CCc1nc(-c2ccccc2)c(-c2ccccc2)o1,1.521873
COc1ccn(-c2nc(C)c(C(=O)NCc3ccccc3)s2)c(=O)c1,1.176091
CNC(=O)c1cc(Oc2ccc3sc(Nc4ccc(Br)cc4)nc3c2)ccn1,1.0
O=C(NC1(C(=O)N[C@H](Cc2ccccc2)C(=O)NCCCN2CCOCC2)CCCC1)c1cc2ccccc2o1,0.7784593333333335
Cc1ccc(C(=O)NC2CC2)cc1-c1ccc2c(N3CCOCC3)nncc2c1,1.021189
CCCCCCC(NC(=O)[C@H](Cc1ccccc1)NC(=O)[C@H](Cc1c[nH]c2ccccc12)NC(=O)[C@@H]1CCCN1C(=O)[C@@H](N)Cc1ccc(O)cc1)C(N)=O,-0.0846
O=C(CNC(=O)c1ccc(N2CCN(C(=O)c3ccccc3C(F)(F)F)CC2)nn1)c1ccccc1,1.342423
O=C(CO)Nc1cnc2ncn(Cc3ccc(Cl)c(Cl)c3)c(=O)c2c1,0.968483
COC(=O)c1ccccc1-c1c2ccc(=N)cc-2oc2cc(N)ccc12,0.058848
Oc1ncnc2c(-n3cc(CCN4CCC(c5cc(Cl)cc(Cl)c5)CC4)cn3)nccc12,0.802089
O=C(O)c1sc(N2CCOCC2)nc1CC(=O)N1CCc2c(Cl)cccc21,-0.154902
N=C(N)NOCCNC(=O)Cn1c(Cl)cnc(NCC(F)(F)c2ccccc2)c1=O,-0.30103
C[C@@H]1CCN(C(=O)CC#N)C[C@@H]1N(C)c1ncnc2[nH]ccc12,1.0
NC(=O)C1CCN(c2c(Cl)cncc2Cl)CC1,1.556303
Nc1ncnc2c1C(=O)N(c1ccc(-c3ccccc3)cc1)CCO2,1.0
NS(=O)(=O)c1cccc(CN(c2ccc3[nH]ccc3c2)C2CCNCC2)c1,-0.154902
COc1ccc2onc(N3CCN(CCCCNC(=O)c4cc(-c5ccco5)[nH]n4)CC3)c2c1,0.868644
C1=C(c2cccnc2)CCc2ccccc21,1.164353
CCOc1ncc(S(=O)(=O)N2CCN(CC)CC2)cc1-c1nc(O)c2nn(CCN3CCOCC3)c(CC)c2n1,0.39794
COc1cc2c(cc1OC)CN(Cc1ccc3cc(O)ccc3c1)CC2,1.547775
COc1ccc(-n2nc(S(C)(=O)=O)c3c2C(=O)N(c2ccc(C4(Cn5ccnc5C)CC4)cc2)CC3)cc1,0.041393
O=c1c2ccccc2nc2n1CCc1c-2[nH]c2ccccc12,0.941747
N=C(N)SCc1ccccc1Sc1ccccc1CSC(=N)N,-0.124939
Cc1ccc(NS(=O)(=O)c2cc3c(cc2N[C@@H](C)CO)NC(=O)CC3)cc1Cl,0.053078
Cc1cn(C2C=CC(CO)O2)c(=O)nc1N,0.653213
CCOC(=O)c1cnc(N2CCN(C(=O)NS(=O)(=O)c3ccc(C)cc3)CC2)c(Cl)c1,0.39794
CC(N)Cc1ccccc1,1.605843
Cc1cc(COc2ccc(NC(=O)[C@H]3CCN(C(=O)c4ccco4)C[C@@H]3C(=O)NO)cc2)c2ccccc2n1,-1.0
CC(C)(C)C[C@H]1C[C@@H](c2cc(=O)[nH]o2)CCN1,0.414973
C[C@H]1c2cccc(O)c2C(O)=C2C(=O)[C@]3(O)C(=O)/C(=C(/N)O)C(=O)[C@@H](N(C)C)[C@@H]3[C@@H](O)[C@@H]21,0.348305
Cc1cc(COc2ccc(C(=O)NC3(CC(=O)NO)CCN(c4ccccc4)CC3)cc2)c2ccccc2n1,-0.30103
CC(=O)NC(=O)[C@@H](N)Cc1c[nH]c2ccccc12,0.38
Cc1ccc(N2CCN(C(=O)[C@@H]3CN(C4CCOCC4)C[C@H]3c3ccc(Cl)cc3)CC2)c([C@@H](N)C(C)C)c1,-0.09691
CCC[C@]1(CC(=O)O)OCCc2c1[nH]c1c(C)ccc(C#N)c21,1.380211
O=C(O)CN1C(=O)[C@@]2(NC(=O)N(Cc3cc(Cl)ccc3F)C2=O)c2cc(Cl)ccc21,-0.69897
CS(=O)(=O)c1ccc(-c2ccc(O[C@H]3O[C@H](CO)[C@@H](O)[C@H](O)[C@@H]3O)cc2)cc1,0.025306
O=c1c(-c2ccc(O)cc2)coc2cc(O)cc(O)c12,1.41
C[C@H]1O[C@@H](n2cnc3c(N)nc(OC4CCCC4)nc32)[C@H](O)[C@@H]1O,0.860937
CN1CCC(c2cn(-c3ccc(F)cc3)c3ccc(-c4ncn(C)n4)cc23)CC1,1.255273
C[C@@H]1NC(=O)[C@@H](C)NC(=O)[C@H](C)N(C)C(=O)[C@@H](C)N(C)C(=O)[C@@H](C)N(C)C(=O)[C@H](C)NC1=O,0.18
COc1cc(/C=C/C(=O)O)ccc1O,1.028029
COC(=O)c1ccc(NC(=O)c2cccc(-c3cc(C(=O)Nc4ccncc4F)ccc3CN)c2)cc1,-0.09691
N#Cc1ccc(-c2ccc(N3CCOc4ncnc(N)c4C3=O)cc2)c(Cl)c1,1.683047
COC(=O)N[C@H](C(=O)NN(CCC[C@@](O)(Cc1ccccc1)C(=O)N[C@H]1c2ccccc2C[C@H]1O)Cc1ccc(Br)cc1)C(C)(C)C,1.30103
CC(=O)N(C)Cc1ccc(-c2ccc(N3CCOc4ncnc(N)c4C3=O)cc2)c(Cl)c1,1.294466
COCCNS(=O)(=O)c1ccc(-c2cnc(N)c(C(=O)Nc3cccnc3)n2)cc1,1.30103
CCOC(=O)N(Cc1ccccc1-c1ccccc1)[C@H]1CCNC1,1.431364
CC(=O)O[C@H]1C(=O)[C@@]2(C)[C@H]([C@H](OC(=O)c3ccccc3)[C@]34OC(=O)O[C@H]3[C@H](OC(=O)[C@H](O)[C@H](CC(C)C)NC(=O)OC(C)(C)C)C(C)=C1C4(C)C)[C@]1(OC(C)=O)CO[C@@H]1C[C@@H]2O,0.447158
Nc1nc(O)c(Cl)c(-c2ccc(OCC3CCOC3)c(OC(F)(F)F)c2)n1,0.80618
COc1cccc(S(=O)(=O)NC(=O)c2cc(-c3ccc(C#CCO)s3)c(OC)cc2OC)c1,0.592177
O=C(Cc1cccc2ccccc12)Nc1cn([C@H]2C[C@@H](NC(=O)c3ccccn3)C2)cn1,1.414973
N=C(N)SCc1ccccc1Sc1ccc(F)cc1CSC(=N)N,-0.60206
C[C@@H]1NC(=O)[C@H](C)NC(=O)[C@@H](C)NC(=O)[C@H](C)N(C)C(=O)[C@@H](C)N(C)C(=O)[C@@H](C)NC1=O,0.18
CC(C)(C)[C@@H](O)C(=O)N1C[C@@H]2C[C@@H]2[C@H]1C(=O)NCc1cc(Cl)ccc1-n1cnnn1,1.230449
COc1ccc(-n2nc(C(N)=O)c3c2C(=O)N(c2ccc(-c4ccccc4CN(CCO)CCO)cc2)CC3)cc1,-0.045757
Nc1ncnc2c1C(=O)N(c1ccc(-c3c(F)cccc3F)cc1)CCO2,1.0
Cn1c(Cc2nc(O)cc(N3CCOCC3)n2)nc2cccc(-c3ccccc3)c21,0.591065
O=c1c2cccnc2n(Cc2ccccc2)c(=O)n1Cc1ccccc1,1.4843
COc1cc(C)c(S(=O)(=O)N(C)CCOCC(=O)N2CCC(C(C)(C)CN(C)C)CC2)c(C)c1,1.133539
C[C@H]1CN(c2cccc3nc(-c4nc(-c5cc(C(=O)N(C)C)ccn5)cnc4N)n(C)c23)CCN1,0.69897
CC(C(=O)O)c1ccc(-c2ccc(C3CCCCC3)cc2)c(F)c1,0.69897
CC(C)C[C@@H]1NC(=O)[C@H](Cc2ccc(O)cc2)NC(=O)[C@H]2CCCN2C(=O)[C@H](CC(C)C)NC(=O)[C@H](CC(C)C)NC(=O)[C@@H](CC(C)C)NC1=O,0.089905
Cc1ccc(C(=O)NC2CC2)cc1-n1cnc2ccc(N3CCN(C)CC3)cc2c1=O,0.778151
CC1=NC(c2ccc(F)cc2)(c2cccc(-c3cccnc3)c2)N=C1N,1.612784
Cn1cc(C#N)c2ccc(NC(=O)NOCc3ccccc3)cc21,1.285557
CN(C)C(=O)c1cccc(/N=c2\c(O)c(O)c2=Nc2ccccc2)c1O,0.380211
CCCS(=O)(=O)c1ccc(F)c(C#Cc2cc(Cl)ccc2OCC(=O)O)c1,1.033424
COc1cc2c(cc1OC)CN(CCCC1=CCCc3c(OC)cccc31)CC2,1.20412
C[C@]12C=CC(=O)C=C1CC[C@@H]1[C@@H]2C(=O)C[C@@]2(C)[C@H]1CC[C@]2(O)C(=O)CO,1.053079
CC(C)CCn1c(=O)c(C2=NS(=O)(=O)c3cc(NS(=O)(=O)C4CC4)ccc3N2)c(O)c2cccn21,-0.09691
CS(=O)(=O)NC(=O)[C@H](Cc1ccccc1)NC(=O)OCc1ccccc1,0.778151
CN1C2CCC1CC(OC(=O)C(CO)c1ccccc1)C2,1.296665
COC(=O)N[C@H](C(=O)NN(CC[C@@]1(Cc2ccccc2)C(=O)N([C@H]2c3ccccc3C[C@H]2O)C[C@@H]1O)Cc1ccc(-c2cccnc2)cc1)C(C)(C)C,0.70757
CC(C)NC(=O)Cn1c(-c2cccc(Cl)c2)nc2ccc(-c3cccc(CN4CCCCC4)c3)cc2c1=O,1.149219
COc1ccc2c3c1O[C@H]1[C@@H](O)C=C[C@H]4[C@@H](C2)N(C)CC[C@@]341,1.91
OCC(O)C(O)C(O)C(O)CO,-0.382329
COc1ccc(-n2nc(C#N)c3c2C(=O)N(c2ccc(C4(CN(C)C)CC4)cc2)CC3)cc1,0.662758
CSCC[C@H](NC(=O)[C@H](Cc1ccccc1)NC(=O)CNC(=O)CNC(=O)[C@@H](N)Cc1ccc(O)cc1)C(=O)O,-1.38
OCCOCCN1CCN(C(c2ccccc2)c2ccc(Cl)cc2)CC1,0.372912
Cn1c(COc2ccc(F)cc2)c2c(=O)n(-c3ccccc3Cl)[nH]c2cc1=O,1.550228
COc1ccc(CC2c3cc(OC)c(OC)cc3CCN2C)cc1OC,1.450202
COc1ccc(-n2nc(C(N)=O)c3c2C(=O)N(c2ccc(-c4ccccc4CN)cc2)CC3)cc1,0.079181
O=c1c(-c2ccc(O)cc2)coc2cc(OC3OC(CO)C(O)C(O)C3O)ccc12,-0.36
CC(=O)NC[C@H]1CN(c2ccc(-c3ccc(C#N)nc3)c(F)c2)C(=O)O1,1.621625
COC(=O)N[C@H](C(=O)NN(CC[C@@]1(Cc2ccccc2)C(=O)N([C@H]2c3ccccc3C[C@H]2O)C[C@H]1O)Cc1ccc(-c2cccnc2)cc1)C(C)(C)C,0.579784
O=C(NCc1cc(Cl)ccc1-n1cnnn1)[C@@H]1[C@H]2C[C@H]2CN1C(=O)[C@H](O)c1ccccc1,1.079181
Cc1ccc(Nc2c(-c3ccc(F)cc3)nc3n2CCN(C(=O)C(C)(C)N)C3(C)C)cc1,0.505838
COCCn1cc(C(=O)C(=O)Nc2ccc(OC(C)C)nc2)c2ccccc21,1.181844
CNC(=O)[C@@H](NC(=O)[C@@](O)(CCCN(Cc1ccc(C#Cc2cccnc2)cc1)NC(=O)[C@@H](NC(=O)OC)C(C)(C)C)Cc1ccccc1)C(C)(C)C,0.78533
CC(C)C[C@H]1C(=O)NCC(=O)N(C)[C@@H](CCCN=C(N)N)C(=O)NCC(=O)N[C@@H](CC(=O)O)C(=O)N(C)[C@H](Cc2ccccc2)C(=O)N1C,-1.522879
O=C(/C=C/c1ccccc1Cl)NC1(C(=O)N[C@H](Cc2ccccc2)C(=O)NCC2CCN(CC3CCOCC3)CC2)CCCC1,0.0
Cc1ccc(C(=O)c2ccc(CC(=O)O)n2C)cc1,0.9207095
CO[C@H]1C(=O)[C@]2(C)CC[C@H]3OC[C@@]3(OC(C)=O)[C@H]2[C@H](OC(=O)c2ccccc2)[C@]2(O)C[C@H](OC(=O)[C@H](O)[C@@H](NC(=O)OC(C)(C)C)c3ccccc3)C(C)=C1C2(C)C,0.561101
C[C@H]1Cn2c(nnc2C(C)(C)C)CN1C(=O)c1cccc(C(F)(F)c2nnc(O)c3ccccc23)c1,0.792392
CC(C)C[C@@H]1NC(=O)[C@@H](CC(C)C)N(C)C(=O)[C@H](CC(C)C)NC(=O)[C@H](Cc2ccc(O)cc2)N(C)C(=O)[C@H]2CCCN2C(=O)[C@H](CC(C)C)NC1=O,0.889302
CCOC(=O)c1cn(C2CC2)c2cc(N3CCNCC3)c(F)cc2c1=O,0.5579425
CC(C)C[C@@H](C=O)NC(=O)[C@@H](NS(=O)(=O)c1ccc(F)cc1)C(C)C,0.414973
CN[C@@H](Cc1ccccc1)C(=O)NCC(=O)NCC(=O)NCC(=O)NCC(=O)N(C)[C@@H](Cc1ccccc1)C(N)=O,0.260071
CSc1nc2ccccc2n1Cc1ccc(C(=O)N[C@@H]2CNC[C@@H]2C(=O)NO)cc1,-0.69897
CNC(=O)c1cc(Oc2ccc3oc(Nc4ccc(N(C)C)cc4)nc3c2)ccn1,1.0
CC(C)CCOC(=O)c1ccccc1-c1ccc(CN2CCC(COC(=O)c3c4n(c5ccccc35)CCCO4)CC2)cc1,0.732394
OCCN1CCN(CC/C=C2/c3ccccc3Sc3ccc(C(F)(F)F)cc32)CC1,1.1119720000000002
O=C(Cc1nc(O)cc(N2CCOCC2)n1)N1CCc2c(OC(F)(F)F)cccc21,0.612784
N[C@@H](CC(=O)N1CCC[C@H]1c1nc(-c2ncc(F)cc2F)no1)Cc1cc(F)c(F)cc1F,0.477121
CCCCC(=O)NCCCC[C@@H]1NC(=O)[C@H]2CCCN2C(=O)[C@H](CCCN=C(N)N)NC(=O)[C@H](CCCCN)NC(=O)[C@H](CCCCN)NC1=O,-0.031984
O=C(NCC1CCCCN1)c1cc(OCC(F)(F)F)ccc1OCC(F)(F)F,1.5823985
C=CCOc1ccccc1OC[C@@H](CNC(C)C)OC(=O)C1CC1,1.455
CC(C)(N)C(=O)N1CCn2c(nc(-c3ccc(F)cc3)c2Nc2ccc(Cl)cc2)C1,0.164353
O=C1Cc2cc(C(=O)N[C@H]3C[C@H]4CC[C@@H](C3)N4S(=O)(=O)CC3CCN(CCCC(F)(F)F)CC3)c(Cl)cc2N1,-0.19382
CC[C@@H](C)Nc1nc(C)nc2c(-c3ccc(OC)nc3C)c(C)nn12,1.230449
CN(C)CCC(c1ccc(Br)cc1)c1ccccn1,1.276454
CC(C)NCC(COc1ccc(CCOCC2CC2)cc1)OC(=O)C1CC1,1.869919
O=c1[nH]c2ccccc2n1CCCN1CCC(Nn2c(=O)[nH]c3cc(Cl)ccc32)CC1,0.579783
C[C@@H]1CN(c2cc(=O)c3cc(C(=O)N4CCOCC4)cc(CN4CCOc5c(F)cc(F)cc54)c3o2)CCO1,0.755875
COC(=O)N[C@@H](CCN1[C@@H]2CC[C@H]1C[C@@H](n1c(C)nc3c1CN(C(C)=O)CC3)C2)c1ccccc1,0.60206
CC(C)c1nc2ccccc2n1Cc1ccc(C(=O)N[C@@H]2C[C@@]3(CCCO3)C[C@@H]2C(=O)NO)cc1,-1.0
CCC(=O)C(CC(C)N(C)C)(c1ccccc1)c1ccccc1,1.340222
CC[C@H](C)[C@@H]1NC(=O)[C@@H]2CCCN2C(=O)[C@H]([C@@H](C)O)NC(=O)[C@@H]2CCCN2C(=O)[C@H](Cc2ccccc2)NC(=O)[C@H](C)NC(=O)c2csc1n2,-0.39794
O=C1c2ccccc2-n2c1nc1ccccc1c2=O,1.7929579999999998
Cc1nc(C)c(-c2ccnc(Nc3ccc(N(C)C)cc3)n2)s1,1.691877
Oc1cc(C2CCNCC2)no1,-0.30103
Cc1cc([C@@H](C)Nc2ccccc2C(=O)NS(C)(=O)=O)c2nc(N3CCOCC3)cc(=O)n2c1,-0.958607
c1cnc2ccc(Cn3nnc4ncc(-c5cnn([C@@H]6CCNC6)c5)nc43)cc2c1,0.491362
O=C(O[C@H]1C[C@H](n2cc(F)c(=O)[nH]c2=O)O[C@@H]1CO)C(Cl)Cl,0.303412
CCCS(=O)(=O)N1CCC(CNC(=O)c2c(F)cccc2Cl)(C(=O)N2CCOCC2)CC1,1.342423
C[C@H](c1cccnc1F)c1c(CCN(C)C)sc2ccccc12,1.33646
C[C@@H]1NC(=O)[C@@H](C)NC(=O)[C@@H](C)NC(=O)[C@H](C)N(C)C(=O)[C@H](C)N(C)C(=O)[C@@H](C)NC1=O,0.18
O=C(NC1(C(=O)N[C@H](Cc2ccccc2)C(=O)NCCC(=O)N2CCN(C3CCOCC3)CC2)CCCC1)c1cc2ccccc2s1,0.113286
O=C(Nc1nc2ccccc2[nH]1)c1ccc(N2CCN(C(=O)c3ccccc3C(F)(F)F)CC2)nn1,1.39794
c1csc([C@]23CNC[C@H]2C3)c1,1.245513
c1ccc2c(N3CCNCC3)nc(-c3ccc4[nH]ncc4c3)nc2c1,0.752048
COc1ccccc1N1CCN(CCN(C(=O)C2CCCCC2)c2ccccn2)CC1,1.579784
Oc1ncnc2c(-n3cc(CCN4CCC(c5ccc(F)cc5F)CC4)cn3)nccc12,1.197005
Cc1cc(COc2ccc(C(=O)NC3(CC(=O)NO)CCN(C4=NCCS4)CC3)cc2)c2ccccc2n1,-1.0
CC(C)C[C@H]1C(=O)NCC(=O)N(C)[C@@H](CCCN=C(N)N)C(=O)NCC(=O)N[C@@H](CC(=O)O)C(=O)N[C@H](Cc2ccccc2)C(=O)N1C,-1.522879
COc1cc(Sc2c(-n3cncn3)[nH]c3ccccc23)cc(OC)c1OC,1.122789
CC(C(=O)O)c1ccc(C(=O)c2ccccc2)s1,1.59
CS(=O)(=O)c1ccccc1N1CCC(NC(=O)c2cc(C(F)(F)F)nn2-c2ccc3onc(N)c3c2)CC1,0.230449
COc1ccc(C2CCN(CCc3cnn(-c4nccc5c(O)ncnc45)c3)CC2)cc1,0.761176
CC1(C)NC(=O)c2cc(S(=O)(=O)Nc3ccc(C(F)(F)F)cc3)ccc2NC1=O,0.778151
Cc1cc(COc2ccc(C(=O)N[C@@H]3CN(C4CCC4)C[C@@H]3C(=O)NO)cc2)c2ccccc2n1,-1.0
CNCC[C@H](Oc1cccc2ccccc12)c1cccs1,1.176091
COc1ccc(-n2nc(C(N)=O)c3c2C(=O)N(c2ccc(-c4ccccc4CN(C)C)cc2)CC3)cc1,0.361728
COc1ccc(-n2nc(C(F)(F)F)c3c2C(=O)N(c2ccc(C4(CN5CCCC5)CC4)cc2)CC3)cc1,0.845098
CC(CNC(=O)c1ccc2[nH]ccc2c1)c1cccc(C(=O)c2ccccc2)c1,0.763428
Cn1nc(C(=O)O)c2c1-c1nc(Nc3ccccc3)ncc1CC2,0.431364
CCS(=O)(=O)CCn1c(N(O)O)cnc1C,1.48
CNC(C)C(O)c1ccccc1,1.0143
CC(=O)N[C@@H](Cc1ccccc1)C(=O)N[C@H](Cc1ccccc1)C(N)=O,0.300515
C=Cc1cc(C(NC(=O)NC(C)(C)C)C(=O)Nc2cccc(C(=O)NS(=O)(=O)c3ccc(C(F)(F)F)cc3)c2)ccc1Oc1cc(OC)nc(-c2ccccc2)n1,-0.443697
Cn1cc(-c2ccc(Cc3[nH]nc4ccc(C(=O)N5CC(F)(F)C5)cc34)cc2)cn1,1.591065
C=C(F)CN(CC)C(=O)[C@@]1(c2cccs2)C[C@H]1CN,1.222716
CC(C)CCNC(=O)c1ccc(N2CCN(C(=O)c3ccccc3C(F)(F)F)CC2)nn1,1.39794
CC(C)OC(=O)c1cn(C2CC2)c2cc(N3CCNCC3)c(F)cc2c1=O,0.6681425000000001
CC(C)CCn1nc(-c2cccs2)c(O)c(C2=NS(=O)(=O)c3cc(NS(C)(=O)=O)ccc3N2)c1=O,-1.673664
C[C@@H]1NC(=O)[C@H](C)NC(=O)[C@@H](C)N(C)C(=O)[C@H](C)N(C)C(=O)[C@@H](C)NC(=O)[C@@H](C)NC1=O,0.18
C/C=C(/C)C(=O)O[C@@H]([C@@H](O)c1cc2ccc(=O)oc2cc1OC)C(C)(C)O,1.150071
CC(=O)OCOC(=O)c1ccccc1-c1ccc(CN2CCC(COC(=O)c3c4n(c5ccccc35)CCCO4)CC2)cc1,0.146128
CC(=O)N[C@@H](Cc1ccc(O)cc1)C(=O)N[C@@H](C)C(=O)NCC(=O)N[C@@H](Cc1ccccc1)C(=O)N[C@H](CC(C)C)C(N)=O,-1.537602
Cc1cnc(NCCc2ccc(F)cc2F)c(=O)n1CC(=O)NCCON=C(N)N,-0.30103
CN1CC[C@]23c4c5ccc(O)c4O[C@H]2[C@@H](O)C=C[C@H]3[C@H]1C5,0.9
COc1ccc2c(c1)c(CC(=O)O)c(C)n2C(=O)c1ccc(Cl)cc1,1.31
Cn1c(N2CCN(CC/C=C3\c4ccccc4COc4ccc(CC(=O)O)cc43)CC2)cc(=O)n(C)c1=O,0.672098
CS(=O)(=O)c1ccc(Sc2ccc(F)cc2CSC(=N)N)c(CSC(=N)N)c1,-1.0
CCCC(=O)c1cc(C#N)c(N2CCC(C(=O)NS(=O)(=O)Cc3ccccc3Cl)CC2)nc1C,-0.39794
CCN1CCC(CC(=O)NO)(NC(=O)c2ccc(OCc3cc(C)nc4ccccc34)cc2)CC1,-1.0
COC(=O)O[C@H]1C[C@H]2OC[C@@]2(OC(C)=O)[C@H]2[C@H](OC(=O)c3ccccc3)[C@]34OC(=O)O[C@H]3[C@H](OC(=O)[C@H](O)[C@@H](NC(=O)OC(C)(C)C)c3ccccc3)C(C)=C([C@@H](OC)C(=O)[C@]12C)C4(C)C,0.594393
C[C@@H]1COCCN1c1nc(-c2cncc3[nH]ccc23)cc2c1ncn2[C@@H](C)S(C)(=O)=O,0.30103
CS(=O)(=O)NC[C@@H]1CCCN1C(=O)C[C@H](N)Cc1cc(F)c(F)cc1F,-0.69897
COc1ccc(C2(c3cccc(-c4cncnc4)c3)N=C(C)C(N)=N2)cc1C,1.278754
CO[C@H]1C[C@]2(C)C3CC[C@]4(C)[C@@H]([C@@](C)(O)[C@H](O)CCC(C)C)CC[C@@]4(O)C3=CC(=O)[C@@H]2C[C@H]1O,1.3
COc1ccc2c(O[C@@H]3C[C@H]4C(=O)N[C@]5(C(=O)NS(=O)(=O)C6CC6)C[C@H]5/C=C\CCCCCNC(=O)N4C3)cc(-c3nccs3)nc2c1,-0.39794
CCOc1ncc(S(=O)(=O)N2CCN(CC)CC2)cc1-c1nc(O)c2nn(CCOC)c(CC)c2n1,1.20412
CN1C(C(=O)Nc2ccccn2)=Cc2sccc2S1(=O)=O,1.392697
CCC(C)C(=O)OC1CC(O)C=C2C=CC(C)C(CCC(O)CC(O)CC(=O)O)C21,0.222716
O=C(O)c1cc(Cl)ccc1O,1.02
COC(C)(C)[C@@H](O)C(=O)N1[C@H](C(=O)NCc2cc(Cl)ccc2-n2cnnn2)C[C@@H]2C[C@@H]21,1.20412
CN1[C@@H]2CC(OC(=O)[C@H](CO)c3ccccc3)C[C@H]1[C@@H]1O[C@@H]12,1.072
Cc1cc(COc2ccc(C(=O)N[C@@H]3CN(S(C)(=O)=O)C[C@@H]3C(=O)NO)cc2)c2ccccc2n1,-0.522879
O=C(NCCC1CC1)c1ccc(N2CCN(C(=O)c3ccc(F)cc3C(F)(F)F)CC2)nn1,1.342423
CC(C)(F)c1nc2ccccc2n1Cc1ccc(C(=O)N[C@@H]2C[C@@]3(CCCO3)C[C@@H]2C(=O)NO)cc1,0.380211
C=C(C)CNc1ccc(C(C)C(=O)O)cc1,1.66
CC(=O)N[C@@H](Cc1ccccc1)C(=O)N[C@H](Cc1ccccc1)C(=O)N[C@@H](Cc1ccccc1)C(N)=O,0.235131
CCn1cc([C@]2(c3cccc(C#CC4CC4)c3)N=C(N)c3c(F)cccc32)cc(C)c1=O,1.079181
C[C@@H]1NC(=O)[C@@H](C)N(C)C(=O)[C@H](C)N(C)C(=O)[C@@H](C)NC(=O)[C@@H](C)N(C)C(=O)[C@H](C)NC1=O,0.18
C[C@H](NP(=O)(OC[C@H]1O[C@@H](n2ccc3c(-c4cccs4)ncnc32)[C@H](O)[C@@H]1O)Oc1ccccc1)C(=O)OCc1ccccc1,0.041393
COc1ccc(-c2oc3c(CC=C(C)C)c(O)cc(O)c3c(=O)c2O[C@H]2O[C@H](C)[C@@H](O)[C@H](O)[C@@H]2O)cc1,0.162176
O=C(N1CCCCC1)N1CC(O[C@@H](c2ccc(Cl)cc2)c2cccnc2Cl)C1,1.501059
CN(Cc1ccccc1)Cc1c2c(=O)n(-c3ccccc3Cl)[nH]c2cc(=O)n1Cc1ccn(C)n1,-0.30103
Cc1ccc2cc(C(=O)NC3(C(=O)N[C@@H](CCCN4CCN(CC5CCOCC5)CC4)Cc4ccccc4)CCCC3)sc2c1,1.049218
C[C@@H]1NC(=O)[C@H]2CCCN2C(=O)[C@H](CCCN=C(N)N)NC(=O)[C@H](CCCCN)NC(=O)[C@H](CCCCN)NC1=O,-0.192465
CC(C)C[C@@H]1NC(=O)[C@H](Cc2ccccc2)NC(=O)[C@H]([C@@H](C)O)NC(=O)CNC(=O)[C@H](C)NC(=O)[C@H](Cc2ccc(O)cc2)NC1=O,-0.337242
Cc1cc(F)ccc1-c1c(Oc2ccc(/C=C/C(=O)O)cc2)c2ccc(O)cc2oc1=O,1.278754
CCOP(=O)(OCC)N1C/C(=C\c2cc(OC)c(OC)c(OC)c2)C(=O)/C(=C/c2cc(OC)c(OC)c(OC)c2)C1,1.454845
Cc1cc(COc2ccc(C(=O)NC3(CC(=O)NO)CCN(C(=O)CC(C)C)CC3)cc2)c2ccccc2n1,-0.251812
CC(C)CCn1nc(CC(C)(C)C)c(O)c(C2=NS(=O)(=O)c3cc(NS(C)(=O)=O)ccc3N2)c1=O,-0.537602
COc1cc(-c2cc(=O)c3c(O)cc(O)cc3o2)cc(OC)c1OC,0.9
CC(C)c1nnc2ccc(-c3ocnc3-c3cc(F)ccc3F)cn12,1.633468
Cn1cc(-c2ccc(-c3cnc(N)c4ccc(C(=O)N5CC(F)(F)C5)cc34)cc2)cn1,1.598791
CSc1ccc(C(=O)NC2(C(=O)N[C@H](Cc3ccccc3)C(=O)NCC3CCN(CC4CCOCC4)CC3)CCCC2)cc1,-0.045757
Cc1nsc(NS(=O)(=O)c2ccc(N)cc2)c1C,1.079905
COc1ccc(-n2nc(C(F)(F)F)c3c2C(=O)N(c2ccc(C4(C5=NC(C)(C)CO5)CC4)cc2)CC3)cc1,0.643453
C[C@H](Cc1cccc(CC(=O)NCc2cc(C(F)(F)F)ccc2F)c1)NC[C@H](O)c1ccc(O)c(CO)c1,0.30103
CN1CCC23c4c5ccc(O)c4OC2C(O)C=CC3C1C5,1.0
CC(C)[C@@H]1NC(=O)c2csc(n2)[C@H](C(C)C)NC(=O)[C@@H]2CCCN2C(=O)[C@H](C(C)C)NC(=O)[C@@H]2CCCN2C(=O)[C@H](Cc2ccccc2)NC1=O,0.342423
COCC[C@H](CC1(C(=O)NCCCc2ccc(F)cc2)CCCC1)C(=O)O,1.079181
CCCCC(=O)N(Cc1ccc(-c2ccccc2-c2nn[nH]n2)cc1)[C@H](C(=O)O)C(C)C,-0.30103
CCCCn1nc(-c2nc3ccccc3s2)nc2c(=O)n(C)c(=O)nc1-2,1.541579
O=C(NC1CCCCC1)c1cccnc1NC1CCCCC1,0.986772
CC(C)CCNC(=O)c1cccnc1NCCC(C)C,1.296665
O=C(NC1(C(=O)N[C@H](Cc2ccccc2)C(=O)NCC2CCN(C3CCOCC3)CC2)CCCC1)c1cc2ccccc2s1,0.2034333333333333
Cc1c(Cc2ccccc2S(=O)(=O)c2ccccc2)c2c(O)nccc2n1CC(=O)O,-1.0
CCC(=O)NC[C@H]1CN(c2ccc(-n3cc(C#N)cn3)c(F)c2)C(=O)O1,1.69
O=c1cc(-c2ccccc2)oc2ccccc12,2.079892
Cc1ccnc(SC(F)(F)c2nc3ccccc3o2)n1,1.539076
CCCCc1ccc(Nc2nc3cc(Oc4ccnc(C(=O)NC)c4)ccc3o2)cc1,1.0
NC(=O)C1CCN(c2nc(-c3ccc(Br)cc3)cs2)CC1,1.487138
Cc1cc(COc2ccc(C(=O)N[C@@H]3CCCO[C@@H]3C(=O)NO)cc2)c2ccccc2n1,-1.221849
CNC(=O)CN(C1CCCN(c2ccc(-n3ccccc3=O)cc2F)C1=O)S(=O)(=O)c1cc2ccc(Cl)nc2s1,-1.0
O=C(NC[C@H]1CN(c2ccc(N3CCOCC3=O)cc2)C(=O)O1)c1ccc(Cl)s1,0.908485
Nc1nc(OC2CCCC2)nc2c1ncn2[C@@H]1O[C@H](CF)[C@@H](O)[C@H]1O,0.521138
Cc1cc(COc2ccc(NC(=O)[C@H]3CCN(S(C)(=O)=O)C[C@@H]3C(=O)NO)cc2)c2ccccc2n1,-0.69897
CS(=O)(=O)Nc1ccc2c(c1)S(=O)(=O)NC(C1=C(O)C3CCCCCC3N(Cc3ccc(F)cc3)C1=O)=N2,-0.022276
COc1cc(C)c(C(=O)NS(=O)(=O)c2ccccc2)cc1-c1ccc(C#CCO)s1,-0.30103
CO[C@H]1C(=O)[C@]2(C)[C@@H](OC)C[C@H]3OC[C@@]3(OC(C)=O)[C@H]2[C@H](OC(=O)c2ccccc2)[C@]23OC(=O)O[C@H]2[C@H](OC(=O)[C@H](O)[C@@H](NC(=O)c2ccccc2)c2ccccc2)C(C)=C1C3(C)C,0.170262
OC[C@H]1OC(OC[C@H]2OC(O[C@]3(CO)O[C@H](CO)[C@@H](O)[C@@H]3O)[C@H](O)[C@@H](O)[C@@H]2O)[C@H](O)[C@@H](O)[C@H]1O,-1.309804
CCCCCCCCCCC(NC(=O)[C@H](Cc1ccccc1)NC(=O)[C@H](Cc1c[nH]c2ccccc12)NC(=O)[C@@H]1CCCN1C(=O)[C@@H](N)Cc1ccc(O)cc1)C(N)=O,-0.380907
COc1ccc(-n2nc(C(F)(F)F)c3c2C(=O)N(c2ccc(C4(CN(C)C)CC4)cc2)CC3)cc1,0.929419
CC(=O)C1CCC2C3CCC4=CC(=O)CCC4(C)C3CCC12C,1.950851
CCN1CCC(N2CCN(C(=O)COCCN(C)S(=O)(=O)c3c(C)cc(OC)cc3C)CC2)CC1,0.230449
CCCC(CCC)C(=O)O,1.6806205
Cc1cc(COc2ccc(C(=O)N[C@@H]3C[C@]4(CCCO4)C[C@@H]3C(=O)NO)cc2)c2ccccc2n1,0.176091
O=c1cc([C@H]2CCN[C@@H](Cc3cccc(F)c3)C2)o[nH]1,0.491362
c1ccc(CN(c2ccc3sccc3c2)C2CCNCC2)cc1,0.146128
CC(C)(c1cc(N2CCOCC2)nc(-c2cccc3[nH]ccc23)n1)S(C)(=O)=O,1.20412
C[C@@H](c1ccccc1)[C@H](NC(=O)[C@@H](N)Cc1ccccc1)C(N)=O,0.079181
O=C(c1ccc(F)cc1)C1CCN(CCn2c(=O)[nH]c3ccccc3c2=O)CC1,1.5617405
C[C@]12CCC(=O)C=C1CC[C@@H]1[C@H]2[C@H](O)C[C@@]2(C)[C@@H]1CC[C@@]2(O)C(=O)CO,1.34
CN1C(=O)NC(=O)[C@]12Cc1ccc(NC(=O)Cn3c(=O)n(C4CCOC4)c4ccccc43)cc1C2,0.60206
CC(=O)[C@H]1CC[C@H]2[C@@H]3CCC4=CC(=O)CC[C@]4(C)[C@H]3CC[C@]12C,1.72
CC(Nc1ccccc1)c1cc(C(=O)NCCN2CCNCC2)cn2c(=O)cc(N3CCOCC3)nc12,-0.004365
C/N=C(\NC#N)NCCSCc1csc(N=C(N)N)n1,0.12
Cc1cc(C)cc(Nc2nccc(-n3cc(C)c(CN4CC[C@@H](O)C4)c3)n2)c1,0.30103
CCCCCCCCOC(=O)c1ccc(O)cc1,1.12
O=C(O[C@H]1C[C@H](n2cc(F)c(=O)[nH]c2=O)O[C@@H]1CO)c1ccccc1,0.295347
Cc1c(Cc2ccccc2S(=O)(=O)c2ccccc2)c2c(=O)n(C)ccc2n1CC(=O)O,-1.0
CC(C)C[C@H]1NC(=O)[C@@H](CC2CCCCC2)NC(=O)CNC(=O)[C@@H](C)NC(=O)[C@H](Cc2ccc(O)cc2)NC(=O)/C=C\c2ccccc2OC1=O,-0.47
CCCNCC(O)COc1ccccc1C(=O)CCc1ccccc1,0.995635
C=CCN(Cc1nccs1)C(=O)[C@@]1(c2cccs2)C[C@H]1CN,0.80618
C/C=C(\C)C(=O)O[C@H]1[C@@H](OC(C)=O)c2c(ccc3ccc(=O)oc23)OC1(C)C,1.42
O=c1cc(-c2ccc(O)cc2)oc2cc(O)cc(O)c12,1.01782
CC(C)C[C@@H]1NC(=O)[C@@H](Cc2ccccc2)NC(=O)[C@H](CC(=O)O)NC(=O)CNC(=O)[C@H](CCCN=C(N)N)N(C)C(=O)CNC1=O,-1.522879
CNC(=O)c1ccc(N2C(=S)N(c3ccc(C#N)c(C(F)(F)F)c3)C(=O)C2(C)C)cc1F,1.491362
CCCCC(=O)N(Cc1ccc(-c2ccccc2-c2nnn[nH]2)cc1)C(C(=O)O)C(C)C,-0.148742
CC(C)C[C@@H]1NC(=O)[C@H](Cc2ccccc2)NC(=O)[C@H]([C@@H](C)O)N(C)C(=O)CN(C)C(=O)[C@H]([C@@H](C)O)NC(=O)[C@H](Cc2ccc(O)cc2)NC1=O,-1.0
C[C@]12CC[C@H]3[C@@H](CCC4=CC(=O)CC[C@@]43C)[C@@H]1CC[C@@H]2C(=O)CO,1.33
Cc1cc(COc2ccc(C(=O)NC3(CC(=O)NO)CCN(C)CC3)cc2)c2ccccc2n1,-1.0
CC(C(=O)O)c1ccc2c(c1)N(CCCN1CCCN(c3cc(=O)n(C)c(=O)n3C)CC1)c1ccccc1CO2,0.278754
CS(=O)(=O)Nc1ccc(Nc2ncc3cnn(C4CCCCCC4)c3n2)cn1,1.303196
CCCCn1c(-c2ccccc2)cn2c3c(=O)[nH]c(=O)n(C)c3nc12,1.628389
NC(=O)c1sc(N2CCOCC2)nc1CC(=O)N1CCc2c(Br)cccc21,1.392697
COc1ccc(-c2c(/C=C/C(=O)N3CCN(c4ncccn4)CC3)noc2-c2cc(Cl)c(O)cc2O)cc1,0.838849
CC(C)C[C@H]1NC(=O)[C@H](Cc2ccccc2)NC(=O)CNC(=O)[C@H](C)NC(=O)[C@H](Cc2ccc(O)cc2)NC(=O)/C=C\c2ccccc2OCOC1=O,-0.309804
CC[C@]1(C)NC(=O)c2cc(S(=O)(=O)Nc3ccc(C(F)(F)F)cc3)ccc2NC1=O,0.491362
NC(N)=NC(=O)c1nc(Cl)c(N)nc1N,0.435765
CC(=O)N1CCC(CC(=O)NO)(NC(=O)c2ccc(OCc3cc(C)nc4ccccc34)cc2)CC1,-1.0
CN(c1ccc(Cl)cc1)S(=O)(=O)c1cccc(NC(=O)c2ccc(C#N)cc2)c1,1.429752
C[C@@H]1NC(=O)[C@@H](C)NC(=O)[C@@H](C)N(C)C(=O)[C@H](C)NC(=O)[C@H](C)N(C)C(=O)[C@@H](C)NC1=O,0.18
O=C(c1ccc(OCCN2CCCCC2)cc1)c1c(-c2ccc(O)cc2)sc2cc(O)ccc12,0.2965585
CCCCCCOC(=O)c1cn(C2CC2)c2cc(N3CCNCC3)c(F)cc2c1=O,1.1544095
O=C(NC1(C(=O)N[C@H](Cc2ccccc2)C(=O)NCCC2CCN(CC3CCOCC3)CC2)CCCC1)c1cc2ccccc2s1,0.5908873333333333
O=C(Nc1cnc(-c2ccncc2F)c(-c2ccncc2)n1)C1CC1,1.518514
O=C(Nc1ccc(OC(F)(F)Cl)cc1)c1ccnn1CCc1ccncc1,0.67243
CCN(CC)CCOC(=O)[C@H](Cc1ccc(-c2c(C(F)(F)F)cc(C)n(C)c2=O)cc1)NC(=O)c1c(Cl)cccc1Cl,0.982271
COc1ccc(-n2nc(C(N)=O)c3c2C(=O)N(c2ccc(-c4ccccc4CN4CCCC4)cc2)CC3)cc1,0.544068
Cc1cc(COc2ccc(C(=O)N[C@@H]3CC4(C[C@@H]3C(=O)NO)OCCO4)cc2)c2ccccc2n1,0.2560606666666667
Cc1nc2ccccc2n1Cc1ccc(C(=O)N[C@@H]2CNC[C@@H]2C(=O)NO)cc1,-1.0
CS(=O)(=O)Nc1ccc2c(c1)S(=O)(=O)NC(C1=C(O)C3CCCCN3N(Cc3ccc(F)cc3)C1=O)=N2,-1.0
C[C@H](CS)C(=O)N1CCC[C@H]1C(=O)O,1.18
N#Cc1ccc(Cn2cncc2CN2CCCN(C(=O)C34CC5CC(CC(C5)C3)C4)CC2)cc1,1.459392
N[C@@H](C(=O)N[C@@H]1C(=O)N2C(C(=O)O)=C(Cl)CS[C@H]12)c1ccccc1,0.176091
CCCCCCCCC(N)C(=O)N[C@@H](CCC(=O)O)C(=O)N[C@@H](Cc1c[nH]c2ccccc12)C(N)=O,0.18949
CC1CC2C(C(O)CC3(C)C2CCC3(O)C(=O)CO)C2(C)C=CC(=O)C=C12,0.78746
CC(C(=O)O)c1ccc2c(c1)N(CCCN1CCCN(c3cc(=O)n(C)c(=O)n3C)CC1)c1ccccc1S2,0.8392326666666666
O=C1C[C@H]2OCC=C3CN4C[C@H](O)C56c7ccccc7N1[C@@H]5[C@H]2[C@H]3CC46,1.399837
OCC1OC(OCC2OC(OC3(CO)OC(CO)C(O)C3O)C(O)C(O)C2O)C(O)C(O)C1O,-1.309804
CN(CCc1cnn(-c2nccc3c(O)ncnc23)c1)Cc1ccc(Cl)c(Cl)c1,1.326541
CC(C)(C)[C@@H](O)C(=O)N1CSC[C@H]1C(=O)NCc1cc(Cl)ccc1-n1cnnn1,1.278754
CNCc1cnc(C)cc1Oc1ccccc1Oc1ccccc1,1.041393
COC(=O)[C@H](c1ccccc1Cl)N1CCc2sccc2C1,1.103804
CC1CC(c2cccnc2)=Cc2ccccc21,1.212188
COc1ccc(C2(c3cccc(-c4cncnc4)c3)N=C(N)c3nc(C)sc32)cc1,1.255273
CNCC[C@@H](Oc1ccccc1C)c1ccccc1,1.640481
COc1cccc(-c2cccc(C3(c4ccncc4)N=C(N)N4CC(F)(F)CN=C43)c2)c1F,0.845098
COc1ccc(-n2nc(C(N)=O)cc2C(=O)Cc2ccc(-n3ccccc3=O)cc2F)cc1,0.342423
Oc1cc(O)c2c(c1)O[C@H](c1cc(O)c(O)c(O)c1)[C@H](O)C2,-0.828407
Oc1cc(O)c2c(c1)O[C@H](c1ccc(O)c(O)c1)[C@H](O)C2,-0.431192
CCCCCC[C@H](NC(C)=O)C(=O)N[C@@H](Cc1ccc(O)cc1)C(=O)NCC(=O)NCC(=O)N[C@@H](Cc1ccccc1)C(=O)N[C@@H](CC(C)C)C(N)=O,0.0268706666666666
NC(=O)c1cc(C(=O)N2CCc3cc(-c4ccccc4CN4CCCC4)ccc32)n(-c2ccc3onc(N)c3c2)n1,-0.154902
Cc1cccc(S(=O)(=O)Nc2ccc(C)n(CC(=O)NCCON=C(N)N)c2=O)c1,-0.154902
COc1ccc(-n2nc(C(F)(F)F)c3c2C(=O)N(c2ccc(C4(c5ncc[nH]5)CC4)cc2)CC3)cc1,0.755875
CCCSc1ncccc1C(=O)NC1CCCCC1,1.431364
COC(=O)C(C)NP(=O)(OC[C@@H]1C=C[C@H](n2cc(C)c(=O)[nH]c2=O)O1)Oc1ccc(C)cc1,0.152549
Cc1ccc(N2CCN(C(=O)[C@H](C)Cc3ccc(Cl)cc3)CC2)c([C@@H](NC(=O)CCN(C)C)C(C)C)c1,1.612088
C[C@H](N)C(=O)O,0.579892
C[C@@H]1NC(=O)[C@@H](C)N(C)C(=O)[C@H](C)NC(=O)[C@@H](C)NC(=O)[C@@H](C)N(C)C(=O)[C@H](C)NC1=O,0.7
C=CC[C@@H]1/C=C(/C)C[C@H](C)C[C@H](OC)[C@H]2O[C@@](O)(C(=O)C(=O)N3CCCC[C@H]3C(=O)O[C@H](/C(C)=C/[C@@H]3CC[C@@H](O)[C@H](OC)C3)[C@H](C)[C@@H](O)CC1=O)[C@H](C)C[C@@H]2OC,1.117271
CC(=O)c1cccc(NC(=O)N[C@@H]2CCCC[C@H]2CN2CCC[C@@H](Cc3ccc(F)cc3)C2)c1,1.041393
CNC(=O)[C@@H](NC(=O)[C@@](O)(CCCN(Cc1ccc(-c2ccncc2)cc1)NC(=O)[C@@H](NC(=O)OC)C(C)(C)C)Cc1ccccc1)C(C)(C)C,0.278754
CC(C)c1ccc2c(c1)CC[C@H]1[C@](C)(CNS(=O)(=O)c3c(F)c(F)c(F)c(F)c3F)CCC[C@]21C,0.292256
CC(=O)N1CCCC1(Cc1ccc(S(C)(=O)=O)cc1)C(=O)OCc1ccccc1,1.491362
CCC1(C)NC(=O)c2cc(S(=O)(=O)Nc3ccc(OC)cc3)ccc2NC1=O,0.176091
COc1ccc(-n2nc(C#N)c3ncn(-c4ccc(-c5ccccc5CN5CCCC5)cc4)c(=O)c32)cc1,0.491362
O=c1[nH]c(=O)n([C@H]2O[C@@H](CO)[C@H](O)[C@H]2O)cc1/C=C/Br,0.60103
CC(C)NCC(O)COc1ccc(COCCOC(C)C)cc1,1.218295
O=C(O)c1c(O)c(C2(c3ccc(Cl)cc3)CC2)nc2c(C(F)(F)F)cccc12,0.70757
CN(CCc1cnn(-c2nccc3c(O)ncnc23)c1)Cc1ccc(F)cc1,0.999131
C[C@H](Cc1cccc(CC(=O)NC2Cc3ccccc3C2)c1)NC[C@H](O)c1ccc(O)c(CO)c1,0.0
O=C1NC(=O)N(C2OC(CO)C(O)C2O)CC1/C=C/Br,0.60206
COC(=O)c1ccc2nc(C(F)(F)F)n(C)c2c1,1.59384
C[C@@H]1NC(=O)[C@@H](C)N(C)C(=O)[C@@H](C)NC(=O)[C@H](C)N(C)C(=O)[C@H](C)N(C)C(=O)[C@@H](C)N(C)C1=O,0.7
CC(C)C1=NC(c2ccccc2)(c2cccc(-c3cncnc3)c2)N=C1N,1.477121
COc1ccc(-n2nc(C(F)(F)F)c3c2C(=O)N(c2ccc(C4(C5=NCCO5)CC4)cc2)CC3)cc1,1.161368
O=C(N[C@@H](Cc1ccc(F)c(Br)c1)C(=O)O)c1ccc(Br)cc1NS(=O)(=O)c1cccc2nccnc12,-1.522879
C[C@@H]1COCCN1c1nc(-c2c(F)ncc3[nH]ccc23)cc2c1ncn2C,1.579784
CO[C@H]1/C=C/O[C@@]2(C)Oc3c(C)c(O)c4c(c3C2=O)C2=NC3(CCN(CC(C)C)CC3)NC2=C(NC(=O)/C(C)=C\C=C\[C@H](C)[C@H](O)[C@@H](C)[C@@H](O)[C@@H](C)[C@H](OC(C)=O)[C@@H]1C)C4=O,0.98
C#CCN(CC#C)C(=O)[C@@]1(c2ccsc2)C[C@H]1CN,1.214844
Cc1ccc(-n2nc(C(C)(C)C)cc2NC(=O)Nc2ccc(OCCN3CCOCC3)c3ccccc23)cc1,1.0
Cc1oc(-c2ccccc2)nc1COc1ccc(CCC(=O)O)cc1,1.181844
Cc1cnc(NCCc2ccc(C(F)(F)F)cc2)c(=O)n1CC(=O)NCCON=C(N)N,-0.130768
CC(C)C(=O)O[C@H]1[C@@H](F)[C@H](n2cnc3c(N)ncnc32)O[C@@H]1CNS(=O)(=O)NC(=O)c1ccccc1O,-0.39794
O=C1N(c2ccccc2)c2ccccc2C1(Cc1ccncc1)Cc1ccncc1,1.23
CC1(c2cccc(-c3cncnc3)c2)N=C(N)c2ccccc2O1,1.491362
CCCCc1ccc(C(=O)NC2(C(=O)N[C@H](Cc3ccccc3)C(=O)NCC3CCN(CC4CCOCC4)CC3)CCCC2)cc1,0.968483
Cc1cc(C)c(CSC(=N)N)c(C)c1CSC(=N)N,-0.012284
N=C(N)c1ccc(OCCCCCOc2ccc(C(=N)N)cc2)cc1,-0.031517
Cc1c(Cc2ccc(=O)n(Cc3ccccc3)n2)c2cc(F)ccc2n1CC(=O)O,0.633468
O=C(NC1(C(=O)N[C@H](Cc2ccccc2)C(=O)NCCCC(=O)N2CCC(N3CCOCC3)CC2)CCCC1)c1cc2ccccc2s1,0.230374
O=C1CCCCN1C1CCN(c2nc3ccccc3n2Cc2ccc(F)cc2)CC1,1.093422
CN(C)C(=O)OC1N=C(c2ccccc2)c2cc(Cl)ccc2N(C)C1=O,1.5413505
NC1=NC(c2ccncc2)(c2cccc(-c3cncc(F)c3)c2)c2cccc(F)c21,1.380211
Nc1ccc(S(N)(=O)=O)cc1,0.74
CC(=O)N[C@@H](Cc1ccccc1)[C@H](O)CNC1CC(C)(C)Cc2nn(CC(C)(C)C)cc21,0.176091
Cc1cccc2c1CCN2C(=O)Cc1nc(O)cc(N2CCOCC2)n1,0.869232
O=C(CCCN1CCC(O)(c2ccc(Cl)cc2)CC1)c1ccc(F)cc1,1.29
Cc1cc(C(F)(F)F)c(-c2ccc(C[C@H](NC(=O)c3c(Cl)cccc3Cl)C(=O)OCC(=O)N(C)C)cc2)c(=O)n1C,0.799341
COc1ccc(NC2=C(Cl)C(=O)c3ccncc3C2=O)cc1,1.340444
O=C(/C=C/c1ccc(O)c(O)c1)O[C@@H]1C[C@](O)(C(=O)O)C[C@@H](O)[C@H]1O,-0.330993
c1ccc2c(-c3ccncc3)c[nH]c2c1,1.418301
CCC[C@H](CC1(C(=O)NC2(CO)Cc3ccccc3C2)CCCC1)C(=O)O,0.778151
CCCNc1cc(NC(=O)c2c(F)cccc2F)cc(C(F)(F)F)c1,0.431364
Cc1cccc(NC(=O)Cc2nc(O)cc(N3CCOCC3)n2)c1,0.146128
COC1CN(C(=O)c2ccc3c(N)ncc(-c4ccc(-c5cnn(C)c5)cc4)c3c2)C1,1.462398
CCCCOC(=O)COc1ccc(C(=O)CN2CCN(C3CCN(C(=O)OCc4oc(=O)oc4C)CC3)CC2=O)cc1,1.65
CON=C(C(=O)NC1C(=O)N2C(C(=O)O)=C(COC(N)=O)CSC12)c1ccco1,-0.29
CC1OC(OC2CC(O)C3(CO)C4C(O)CC5(C)C(C6=CC(=O)OC6)CCC5(O)C4CCC3(O)C2)C(O)C(O)C1O,-0.958607
CN(c1ccc2c(c1)S(=O)(=O)NC(c1c(O)c3cccn3n(Cc3ccc(F)cc3)c1=O)=N2)S(C)(=O)=O,-0.045757
CO[C@H]1C(=O)[C@]2(C)[C@@H](OC(=O)N(C)C)C[C@H]3OC[C@@]3(OC(C)=O)[C@H]2[C@H](OC(=O)c2ccccc2)[C@]2(O)C[C@H](OC(=O)[C@H](O)[C@@H](NC(=O)c3ccccc3)c3ccccc3)C(C)=C1C2(C)C,0.514548
CC(C)C[C@@H]1NC(=O)[C@H](Cc2ccccc2)NC(=O)CNC(=O)[C@H](C)NC(=O)[C@H](Cc2ccc(O)cc2)NC(=O)[C@H]2CCCN2C1=O,-0.568636
CCCS(=O)(=O)N1CCC(CNC(=O)CC)(C(=O)N2CCOCC2)CC1,1.342423
Cn1cc(-c2ccc(Cc3[nH]nc4ccc(C(=O)N5CCOCC5)cc34)cc2)cn1,1.498311
N=C(N)SCc1cc(F)ccc1Sc1cc(F)c(F)cc1CSC(=N)N,-0.823909
Cc1ccnc2c1NC(=O)c1cccnc1N2C1CC1,1.4833045
Cc1cc(O)cc(C)c1CC(N)C(=O)NCCCc1nc(O)c(CCCNC(=O)C(N)Cc2c(C)cc(O)cc2C)nc1C,-0.262013
CNC(=O)CN1CCC(Oc2cc3c(Nc4cccc(Cl)c4F)ncnc3cc2OC)CC1,1.201397
C[C@@H]1CCCN1CCCOc1ccc(-c2ccc(O)nn2)cc1,1.130334
O=C([C@H](O)c1ccccc1)N1CC[C@@H]2C[C@@]21C(=O)NCc1cc(Cl)ccc1-n1cnnn1,0.414973
COc1cc2cncc(Cc3nc4c(=O)n(C)c(=O)n(CC(C)(C)C)c4[nH]3)c2cc1OC,1.369216
C=CCNC(=O)c1cccnc1NCC=C,1.670246
Cc1cc(COc2ccc(C(=O)NC3(CC(=O)NO)CCN(C(C)(C)C)CC3)cc2)c2ccccc2n1,-1.0
COc1cccc2c1c(C(=O)/C=C(\O)C(=O)O)cn2Cc1ccc(F)cc1,0.740363
COCCCNC(=O)c1nc(-c2ccc(S(=O)(=O)N3CCN(C)CC3)cc2)cnc1N,1.146128
CC(C)C[C@@H]1NC(=O)[C@H](Cc2ccccc2)NC(=O)[C@H]([C@@H](C)O)NC(=O)CNC(=O)[C@H]([C@@H](C)O)NC(=O)[C@H](Cc2ccc(O)cc2)NC1=O,-1.39794
Cc1ncc(CO)c(CO)c1O,1.48
CCCC(=O)c1cc(C#N)c(N2CCC(C(=O)NS(=O)(=O)Cc3ccc(C)c(F)c3)CC2)nc1C,-0.154902
c1cnc2ccc(Cn3nnc4ncc(-c5cnn(C6CCNCC6)c5)nc43)cc2c1,0.049218
NCCc1ccc(O)c(O)c1,1.13
CC(C)NC(C)C(O)c1cccc2ccccc12,1.328176
Cc1cc(COc2ccc(C(=O)NC3CCC3C(=O)NO)cc2)c2ccccc2n1,-0.39794
O=C1Nc2ccc(Cl)cc2C(c2ccccc2Cl)=NC1O,1.463893
CN(C)c1nc2sc3c(NCCN4CCOCC4)ncnc3c2c2c1COC(C)(C)C2,1.340444
Oc1ccc(-c2cc(-c3cccc(O)c3)cs2)cc1,1.158362
Cn1cc(-c2ccc(Cc3[nH]nc4ccc(C(=O)N5CC[C@@H](O)C5)cc34)cc2)cn1,0.939519
COC(=O)c1ccc(-c2c(Cl)cc(O[C@H]3O[C@H](CO)[C@@H](O)[C@H](O)[C@@H]3O)cc2Cl)cc1,0.764176
Cc1cccc(/C=C/C(=O)NC2(C(=O)N[C@H](Cc3ccccc3)C(=O)NCC3CCN(CC4CCOCC4)CC3)CCCC2)c1,0.322219
Cc1cc(COc2ccc(C(=O)N[C@@H]3CN(C(=O)OC(C)C)C[C@@H]3C(=O)NO)cc2)c2ccccc2n1,0.230449
CCOC(=O)c1cc(C#N)c(N2CC(NC(=O)NS(=O)(=O)Cc3ccccc3)C2)nc1C,0.079181
Nc1noc2ccc(-n3nc(C(F)(F)F)cc3C(=O)Cc3ccc(-n4ccccc4=O)cc3F)cc12,0.880814
COC(=O)O[C@H]1C[C@H]2OC[C@@]2(OC(C)=O)[C@H]2[C@H](OC(=O)c3ccccc3)[C@]34OC(=O)O[C@H]3[C@H](OC(=O)[C@H](O)[C@H](CC(C)C)NC(=O)OC(C)(C)C)C(C)=C([C@@H](OC)C(=O)[C@]12C)C4(C)C,-0.036212
C[C@@H]1C[C@H]2[C@@H]3CCC4=CC(=O)C=C[C@]4(C)[C@@]3(F)[C@@H](O)C[C@]2(C)[C@@]1(O)C(=O)COC1O[C@@H](CO)[C@H](O)[C@@H](O)[C@@H]1O,-0.398274
CC(C)CCn1nc(N2CCOCC2)c(O)c(C2=NS(=O)(=O)c3cc(NS(C)(=O)=O)ccc3N2)c1=O,-1.677781
CC#Cc1ccc2c(c1)C(=O)N([C@H](C)c1ccc(Cl)cc1)[C@@H](c1ccc(Cl)cc1)C(=O)N2CCCCC(=O)O,1.298853
Clc1ccc2c(c1)NC(N1CCNCC1)=c1ccccc1=N2,1.32
C[C@@H]1C(=O)N(C)[C@@H](C)C(=O)N(C)[C@H](C)C(=O)N(C)[C@@H](C)C(=O)N(C)[C@@H](C)C(=O)N[C@H](C)C(=O)N1C,0.7
O=C1c2c(O)cc(O)cc2OC(c2ccc(O)c(O)c2)C1O,-0.509319
C/C=C\C#CCC/C=C\C=C\C(=O)NCC(C)C,2.14
O=C(Cc1nc(O)cc(N2CCOCC2)n1)N1CCc2c(F)cccc21,0.732394
COc1ccc(-c2coc3cc(O)ccc3c2=O)cc1,1.470161
CC(C)(C)NC(=O)[C@@H]1CN(Cc2cccnc2)CCN1C[C@@H](O)C[C@@H](Cc1ccccc1)C(=O)N[C@H]1c2ccccc2C[C@H]1O,0.3334036666666666
Cc1cc(COc2ccc(NC(=O)[C@H]3CN(C)CC[C@@H]3C(=O)NO)cc2)c2ccccc2n1,-1.0
Cc1cc(COc2ccc(C(=O)NC3(CC(=O)NO)CCN(Cc4ccccc4)CC3)cc2)c2ccccc2n1,-1.0
O=C(N[C@@H](Cc1ccc(F)c(Br)c1)C(=O)O)c1ccc(Cl)cc1NS(=O)(=O)c1cccc2nccnc12,-1.39794
COc1ccc2onc(N3CCN(CCCCNC(=O)c4ccc(-n5ccnc5)cc4)CC3)c2c1,0.816904
Cc1cc(COc2ccc(NC(=O)[C@H]3CCN(C(=O)C4CC4)C[C@@H]3C(=O)NO)cc2)c2ccccc2n1,-0.69897
CC(C)(C)[C@@H](O)C(=O)N1CCS[C@H]1C(=O)NCc1cc(Cl)ccc1-n1cnnn1,0.716003
CC(Nc1cccc(Cl)c1F)c1cc(C(=O)NCCN(C)C)cn2c(=O)cc(N3CCOCC3)nc12,-0.045757
COc1cccc(-c2cccc(C3(C)N=C(N)CCS3)c2)c1,0.716003
CCCCc1ccc(Nc2nc3cc(Oc4ccnc(C(=O)NC)c4)ccc3s2)cc1,1.0
Nc1cc(C(F)(F)F)c(-c2cc(Nc3cnc4ccccc4c3)nc(N3CCOCC3)n2)cn1,0.2307345
Cn1ncc(-c2ccc(F)cc2)c(-c2ccc(C[C@H](NC(=O)c3c(Cl)cccc3Cl)C(=O)O)cc2)c1=O,-0.79588
CC(C)CCn1nc(N(C)C(C)C)c(O)c(C2=NS(=O)(=O)c3cc(NS(C)(=O)=O)ccc3N2)c1=O,-0.113509
COC(=O)[C@H](C)NP(=O)(OC[C@H]1O[C@@H](n2ccc3c(-c4cccs4)ncnc32)[C@H](O)[C@@H]1O)Oc1ccccc1,-0.130768
CC(=O)Nc1cccc(-c2ccc(Cc3ocnc3C(=O)N[C@@H](Cc3ccccc3)C(=O)O)cc2)c1,0.740363
CC(C)C[C@H](NC(=O)CNC(=O)[C@H](Cc1ccc(O)cc1)NC(=O)[C@H](CO)NC(=O)[C@H](Cc1c[nH]c2ccccc12)NC(=O)[C@H](Cc1c[nH]cn1)NC(=O)[C@H](CCC(=O)O)NC(=O)CCC(=O)N[C@@H]1O[C@H](CO)[C@@H](O)[C@H](O)[C@H]1O)C(=O)N[C@@H](CCCN=C(N)N)C(=O)N1CCC[C@H]1C(=O)NCC(N)=O,0.423246
Cc1cc(COc2ccc(C(=O)N[C@@H]3C[C@H](O)C[C@@H]3C(=O)NO)cc2)c2ccccc2n1,-1.0
Cc1nn(-c2ccc3onc(N)c3c2)c2c1CCN(c1ccc(-c3ccccc3CN(C)C)cc1)C2=O,0.832509
CCC(=O)N1CCC(CC(=O)NO)(NC(=O)c2ccc(OCc3cc(C)nc4ccccc34)cc2)CC1,-1.0
Cc1nc(-c2ccc(C)c(-c3ccc4c(c3)NC(=O)C43CCN(S(C)(=O)=O)CC3)c2)n[nH]1,0.30103
COc1cccc(-c2cccc(C3(C4CCOCC4)N=C(C)C(N)=N3)c2)c1,1.342423
CCCN1CCO[C@H](c2cccc(O)c2)C1,1.579784
COc1ccccc1-n1c(-c2ccccc2)cn2c3c(=O)[nH]c(=O)n(C)c3nc12,1.509203
COc1cc(C)c(S(=O)(=O)N(C)CCOCC(=O)N(C)Cc2ccc(C3=NCCN3)cc2)c(C)c1,0.113943
Cn1c(N2CCCN(CC/C=C3/c4ccccc4CCc4ccc(C(=O)O)cc43)CC2)cc(=O)n(C)c1=O,0.838849
CC(=O)N[C@@H](Cc1ccccc1)C(N)=O,0.89991
CCCC(=O)c1cc(C#N)c(N2CCC(C(=O)NS(=O)(=O)Cc3ccc(C)cc3)CC2)nc1C,0.146128
CCOC(=O)CNC(=O)/C=C/c1oc2ccc(Cl)c(Oc3ccncc3C(=O)N3CCN(C4CC4)c4ccccc43)c2c1C,0.017033
Cc1c(/C=C/C(=O)NCC(=O)O)oc2ccc(Cl)c(C(=O)Oc3ccncc3C(=O)N3CCN(C4CC4)c4ccccc43)c12,-0.677781
Cn1cnc(S(=O)(=O)N(CCN(Cc2cncn2C)c2ccc(C#N)cc2)CC2CCN(C(=O)OC(C)(C)C)CC2)c1,-0.045757
CN1C(=O)CN=C(c2ccccc2)c2cc(Cl)ccc21,1.826161
CCn1cc(C2(c3cccc(-c4cncc(C#N)c4)c3)N=C(N)c3c(F)cccc32)cc(C)c1=O,0.70757
Cc1cccc([C@@H](O)C(=O)N2N=CC[C@H]2C(=O)NCc2cc(Cl)ccc2-n2cnnn2)c1,0.986772
Cn1ncc2cc(Cc3[nH]nc4ccc(C(=O)N5CC[C@H](O)C5)cc34)ccc21,0.633468
CC(C)c1cccc(Nc2nc3cc(Oc4ccnc(C(N)=O)c4)ccc3o2)c1,1.0
CCCCc1ccc(-c2nc(C)c(/C(C)=N/N=C(N)N)s2)cc1,0.342423
Cc1ccc(N2CCN(C(=O)[C@H](C)Cc3ccc(Cl)cc3)CC2)c([C@@H](NC(=O)CCN)C(C)C)c1,0.477841
O=C(NCc1ccccn1)c1ccc2c(c1)Cc1c-2n[nH]c1-c1ccc(-c2ccc(O)cc2)cc1,1.122544
COc1ccc(-c2ccc(OCCN3CCC[C@H]3C(=O)O)c(Sc3cccc(F)c3)c2)cc1,1.419956
Cc1c(-c2ccc(=O)n(Cc3ccc(F)cc3F)n2)c2cc(F)ccc2n1CC(=O)O,0.322219
O=C(N[C@@H]1CCOC[C@@H]1C(=O)NO)c1ccc(Cc2c(C(F)(F)F)nn3ccccc23)cc1,0.2552726666666667
O=C(c1ccccc1)c1ccc2n1CCC2C(=O)O,0.6326015
Cn1cc(-c2ccc(-c3cnc(N)c4ccc(C(=O)N5CCNCC5)nc34)cc2)cn1,-0.017729
Nc1ncnc2c1C(=O)N(c1ccc(-c3cc(Cl)ccc3Cl)cc1)CCO2,1.209515
C[C@@H]1NC(=O)[C@@H](C)N(C)C(=O)[C@H](C)N(C)C(=O)[C@@H](C)NC(=O)[C@@H](C)NC(=O)[C@H](C)N(C)C1=O,0.18
C#CCN(CC)C(=O)[C@@]1(c2cccs2)C[C@H]1CN,1.313867
C=C(C)[C@@H]1CCC(C)=C[C@H]1c1c(O)cc(CC2CN(C(=O)OCC)C2)cc1O,1.342423
CNC(=O)c1cc(Oc2ccc3oc(Nc4ccc(C(C)C)cc4)nc3c2)ccn1,1.0
CN(C)CCOc1cnc2nnn(Cc3ccc4ncccc4c3)c2n1,1.4133
COCC[C@H](CC1(C(=O)NCCCc2ccc(Cl)cc2)CCCC1)C(=O)O,1.079181
NC(=O)[C@H](Cc1ccccc1)NC(=O)[C@@H]1NCC[C@@H]1c1ccccc1,-0.119186
NC(=O)Cc1cc(/N=N/c2ccc(S(=O)(=O)Nc3ccccn3)cc2)ccc1O,0.291128
c1ccn2c(Sc3ncnc4sccc34)nnc2c1,1.69897
CN[C@@H](CCSC)C(=O)NC(=O)[C@H](Cc1ccccc1)NC(=O)CNC(=O)[C@@H](C)NC(=O)[C@@H](N)Cc1ccc(O)cc1,-1.31
O=C(NCc1cc(Cl)ccc1-n1cnnn1)[C@@H]1C[C@@H]2C[C@@H]2N1C(=O)[C@H](O)C1CCCCC1,1.20412
C[C@@H]1[C@H]2C3=CC(=O)[C@@H]4[C@]5(C)CC[C@@H](O)[C@@](C)(C(=O)O)[C@H]5CC[C@@]4(C)[C@@]3(C)C[C@H](C)[C@H]2CC[C@H]1C,0.2
C[C@H](Cc1cccc(CC(=O)NCc2ccc(Cl)c(Cl)c2)c1)NC[C@H](O)c1ccc(O)c(CO)c1,0.0
c1ccc([C@@H]([C@H](c2ccccc2)N2CCCCC2)N2CCCCC2)cc1,1.0086
CN1CCN(c2nc(C3=C(c4c[nH]c5ccccc45)C(=O)NC3=O)c3ccccc3n2)CC1,0.653213
COc1cc2c(cc1OC)CN(C(=O)c1ccc(-c3ccc(O)cc3)cc1)CC2,1.447158
CN(C(=O)c1cc2ccccc2s1)C1(C(=O)N[C@H](Cc2ccccc2)C(=O)NCCCN2CCOCC2)CCCCC1,1.507856
Fc1ccc(Oc2nccc3[nH]ccc23)c(F)c1,1.518514
Cn1cc(-c2ccc(-c3cnc(N)c4ccc(C(=O)N5CC(F)(F)C5)nc34)cc2)cn1,1.378398
NC(=O)CN1C(=O)C(NC(=O)c2cc3cc(Cl)sc3[nH]2)Cc2ccccc21,1.079181
O=C(O)COCCN1CCN([C@H](c2ccccc2)c2ccc(Cl)cc2)CC1,0.641474
O=C(NCCC1CC1)c1ccc(N2CCN(C(=O)c3cc(F)ccc3Cl)CC2)nn1,1.447158
N#C[C@@H]1CCCN1C(=O)[C@@H](N)Cc1ccc(-c2ccc(F)cc2)cc1,0.857935
Oc1ccc(-c2cnc(-c3cccc(O)c3)o2)cc1,0.8982203333333333
CN(OCCNC(=O)Cc1c(C#N)ccc(NCC(F)(F)c2ccccn2)c1F)C(=N)N,-0.221849
CC(=O)N[C@H](C)C(=O)NCCc1ccccc1,1.390935
CCCCCC[C@H](NC(=O)[C@H](CC(C)C)NC(=O)[C@H](Cc1ccccc1)NC(=O)CNC(=O)CNC(=O)[C@H](Cc1ccc(O)cc1)NC(C)=O)C(N)=O,-0.117475
CCC1(C)NC(=O)c2cc(S(=O)(=O)Nc3ccccc3)ccc2NC1=O,0.380211
CC(C)(C)OC[C@@H](O)C(=O)N1C[C@@H]2C[C@@H]2[C@H]1C(=O)NCc1cc(Cl)ccc1-n1cnnn1,1.230449
Cc1cc(Cn2c(=O)c(C3=CS(=O)(=O)c4ccccc4N3)c(O)c3cc(F)ccc32)ccc1F,-0.30103
O=C1CC2(CCCC2)CC(=O)N1CCCCN1CCN(c2ncccn2)CC1,1.404834
CN1CC(=O)NC1=N,0.0569045
NC[C@@H]1C[C@@]1(C(=O)N1C=COc2ccccc21)c1ccsc1,1.30103
C[C@H](c1ccccc1)[C@@H](NC(=O)[C@@H](N)Cc1ccccc1)C(N)=O,0.643453
C[C@@H](O)[C@@H]1NC(=O)[C@@H](CCCCN)NC(=O)[C@@H](Cc2c[nH]c3ccccc23)NC(=O)[C@H](Cc2ccccc2)NC(=O)[C@@H]2CCCN2C(=O)[C@@H](Cc2ccccc2)NC1=O,-0.69897
CNCc1ccccc1-c1ccc(N2CCc3c(C(N)=O)nn(-c4ccc(OC)cc4)c3C2=O)cc1,0.230449
CCN(C)c1nc2ccc(C(=O)N(CC(C)C)C[C@@H](O)[C@H](Cc3ccccc3)NC(=O)OCc3cncs3)cc2o1,1.021189
O=C(N[C@@H]1COC[C@@H]1C(=O)NO)c1ccc(Cn2c(C(F)(F)F)nc3ccccc32)cc1,-1.0
CN(C)CCNc1cnc2nnn(Cc3ccc4ncccc4c3)c2n1,0.318063
CN(C)C(=O)CCN1CCN(C[C@@H]2C[C@@]2(C(=O)N(C)Cc2ccc(F)cc2)c2ccc(Cl)c(Cl)c2)CC1,1.447158
Nc1ncnc2c1C(=O)N(c1ccc(-c3ccccc3Cl)cc1)CCO2,1.511883
Cc1cc(COc2ccc(NC(=O)[C@@H]3[C@@H](C(=O)NO)CCCN3C)cc2)c2ccccc2n1,0.322219
COc1cccc(/C=C2\CNC/C(=C\c3cccc(OC)c3OC)C2=O)c1OC,1.369216
Cc1cc(COc2ccc(C(=O)N[C@@H]3CN(CCN(C)C)CC[C@@H]3C(=O)NO)cc2)c2ccccc2n1,-1.0
Cc1cc(S(N)(=O)=O)ccc1NC(=O)c1cc(NC2CCCCC2)ncn1,1.09691
COc1cc(CN2CCN(C)CC2)ccc1-c1nc2c(N[C@H]3[C@@H](C(N)=O)[C@@H]4C=C[C@H]3C4)c(Cl)cnc2[nH]1,0.431364
Cc1nc(-n2ccc(O)cc2=O)sc1C(=O)NCc1ccccc1,0.845098
CC1CC2C3CCC4=CC(=O)C=CC4(C)C3(F)C(O)CC2(C)C1(O)C(=O)CO,1.208685
COC(=O)O[C@H]1C(=O)[C@]2(C)[C@@H](OC)C[C@H]3OC[C@@]3(OC(C)=O)[C@H]2[C@H](OC(=O)c2ccccc2)[C@]2(O)C[C@H](OC(=O)[C@H](O)[C@@H](NC(=O)OC(C)(C)C)c3ccccc3)C(C)=C1C2(C)C,0.839478
Cc1c(Cc2ccccc2S(=O)(=O)c2ccccc2)c2c(=O)n(C(F)F)ccc2n1CC(=O)O,-0.39794
Nc1ccc(S(=O)(=O)c2ccc(O)cc2)cc1,1.042969
CC(=O)NC(Cc1c[nH]c2ccccc12)C(=O)NC(C)C(=O)NCC(=O)NCC(=O)NC(CC(=O)O)C(=O)NC(C)C(N)=O,-1.498105
CC(C)(C)C[C@@H](O)C(=O)N1[C@@H]2C[C@@H]2C[C@H]1C(=O)NCc1cc(Cl)ccc1-n1cnnn1,1.380211
Cn1c(Cc2nc(O)cc(N3CCOCC3)n2)nc2cc(F)ccc21,0.491362
Cc1ccc(-c2cc(C(F)(F)F)nn2-c2ccc(S(N)(=O)=O)cc2)cc1,1.1504896666666666
O=C(Cc1nc(O)cc(N2CCOCC2)n1)N1CCc2ccccc21,0.770852
O=C(Cc1nc(O)cc(N2CCOCC2)n1)Nc1ccc(F)c(F)c1,-0.09691
COc1cc(-c2cc(=O)c3c(O)cc(O)cc3o2)cc(O)c1OC,1.05
OC(CCN1CCCCC1)(c1ccccc1)C1CC2C=CC1C2,1.918554
CN(C)CCC(Oc1ccc(NC(=O)c2ccc(Cl)c(Cl)c2)cc1)c1ccccc1,1.053078
O=C1C(Cl)=C(Nc2ccc(CCO)cc2)C(=O)c2cnccc21,1.25042
NC(=O)c1cc(C(=O)N2CCc3cc(-n4ccccc4=O)ccc32)n(-c2ccc3onc(N)c3c2)n1,-1.0
Nc1nc(=O)c2ncn(COCCO)c2[nH]1,0.01
CCc1ccc(CCNc2ncc(C)n(CC(=O)NCCON=C(N)N)c2=O)cc1,-0.537602
CC(=O)Nc1nc2ccc(-c3cnc(N)c(C(F)(F)F)c3)cc2s1,1.20412
O=C1c2cnccc2C(=O)c2nc3cc(CCO)ccc3nc21,1.305351
O=S(=O)(Nc1cccc(CO)c1)c1ccc(-c2ccc(Cl)cc2Cl)cc1,0.176091
Cc1cc(COc2ccc(C(=O)N[C@@H]3C[C@@H](O)C[C@@H]3C(=O)NO)cc2)c2ccccc2n1,-1.0
CCC(C)C(N)C(=O)OC[C@@H]1O[C@H](n2cc(F)c(=O)[nH]c2=O)C[C@H]1O,0.40912
O=C1CN=C(c2ccccc2)c2cc(Cl)ccc2N1,1.982271
CCc1cc(-c2c[nH]c3ncc(-c4cnn(C)c4)cc23)nc(N)n1,0.732394
N=C(N)SCc1cc(F)ccc1Sc1ccc(F)cc1CSC(=N)N,-0.39794
Nc1ncnc2c1ncn2[C@@H]1O[C@H](CNS(=O)(=O)NC(=O)c2ccccc2O)[C@@H](O)[C@H]1O,0.089905
CCCCCCNC(=O)C1C(=O)N(O)C(=O)c2ccccc21,1.390935
O=C(NC1(C(=O)N[C@@H](CCCN2CCN(CC3CCOCC3)CC2)Cc2ccccc2)CCCC1)c1cc2ccccc2s1,1.041393
CC(C)C[C@@H]1NC(=O)[C@H](Cc2ccc(O)cc2)NC(=O)[C@@H]2CCCN2C(=O)[C@H]2CCCN2C(=O)[C@@H](CC(C)C)NC(=O)[C@H](CC(C)C)NC1=O,-1.0
Cc1cc(COc2ccc(C(=O)N[C@@H]3CN(CC(C)C)C[C@@H]3C(=O)NO)cc2)c2ccccc2n1,-0.522879
CCNC(=O)c1noc(-c2cc(C(C)C)c(O)cc2O)c1-c1ccc(CN2CCOCC2)cc1,0.278754
C[C@@H]1C[C@H]2[C@@H]3CCC4=CC(=O)C=C[C@]4(C)[C@@]3(F)[C@@H](O)C[C@]2(C)[C@@]1(O)C(=O)CO[C@H]1O[C@@H](C(=O)O)[C@H](O)[C@@H](O)[C@@H]1O,-0.12
COc1c(C)cc([C@]2(c3cccc(-c4cncnc4)c3)N=C(C)C(N)=N2)cc1C,1.322219
C=CCNC(=O)c1cccnc1NC(C)(C)CCCCC,1.167317
CC(C)(O)Cn1cc(-c2cnc3nnn(Cc4ccc5ncccc5c4)c3n2)cn1,1.537819
CC(C)(C)CCn1nc(CC(C)(C)C)c(O)c(C2=NS(=O)(=O)c3cc(NS(C)(=O)=O)ccc3N2)c1=O,-0.823909
C[C@H](N)Cc1ccccc1,1.61
CCCCC1=NC2(CCCC2)C(=O)N1Cc1ccc(-c2ccccc2-c2nn[nH]n2)cc1,1.071882
CC(C)C[C@@H]1NC(=O)[C@@H](Cc2ccccc2)NC(=O)[C@H](CC(=O)O)NC(=O)CNC(=O)[C@H](CCCN=C(N)N)NC(=O)CNC1=O,-1.522879
CNC(=O)c1cc(Oc2ccc3oc(Nc4cccc(C(C)(C)C)c4)nc3c2)ccn1,1.0
C=CC12CCC(OC3CC(OC)C(O)C(C)O3)CC1(O)CCC1C2CCC2(C)C(C3=CC(=O)OC3)CCC12O,0.30103
COc1ccc(F)c(-c2cccc(C3(c4ccncc4)N=C(N)N4CC(F)(F)CN=C43)c2)c1,0.90309
O=C1COc2ccc(CN[C@@H]3CCN(CCn4c(=O)ccc5ncc(F)cc54)C[C@@H]3F)nc2N1,0.880814
CCC1(c2ccccc2)C(=O)NC(=O)N(C)C1=O,1.612784
CC1(C)S[C@@H]2[C@H](NC(=O)[C@H](N)c3ccccc3)C(=O)N2[C@H]1C(=O)O,0.3
COC1CN(C(=O)c2ccc3[nH]nc(Cc4ccc(-c5cnn(C)c5)cc4)c3c2)C1,1.459392
O=c1cc(-c2ccc(O)cc2)oc2cc(O)ccc12,0.787665
Cc1nc(-n2ccc(CCc3ccccc3)cc2=O)sc1C(=O)NCc1ccccc1,-0.221849
N#Cc1ccccc1Cn1c(N2CCC[C@@H](N)C2)nc2nc(Br)cc-2c1O,0.738781
COc1ccc(/C=C2\CNC/C(=C\c3ccc(OC)c(OC)c3)C2=O)cc1OC,1.158362
CC(=O)NCCCS(=O)(=O)O,0.014101
CC(C)C[C@@H]1NC(=O)[C@H](Cc2ccc(O)cc2)NC(=O)[C@H]2CCCN2C(=O)[C@H](CC(C)C)NC(=O)[C@H](CC(C)C)N(C)C(=O)[C@@H](CC(C)C)NC1=O,0.893762
CC(C)CN1C(=O)CN(Cc2ccc(-c3cccc(CN4CCCCC4)n3)cc2)C1=O,1.322219
Cc1cc(C(C)Nc2cccc(C(=O)O)c2)c2nc(N3CCOCC3)cc(=O)n2c1,-0.045757
COc1c(C)cc(C2(c3cccc(-c4cncnc4)c3)N=C(N)c3c(F)cccc32)nc1C,1.518514
CC1CCC2C(C)C(OC(=O)CCC(=O)O)OC3OC4(C)CCC1C32OO4,0.6
Cc1ccc(-c2nc3ccc(C)cn3c2CC(=O)N(C)C)cc1,1.5
Cc1cc(COc2ccc(C(=O)N[C@@H]3CN(C(C)(C)C)CC[C@@H]3C(=O)NO)cc2)c2ccccc2n1,-0.221849
CC(C)N(CCC(C(N)=O)(c1ccccc1)c1cccnc1)C(C)C,0.627366
COc1ccc(-n2nc(C(N)=O)c3c2C(=O)N(c2ccc(C4(N(C)C)CC4)cc2)CC3)cc1,1.09691
COc1cc(OC)c(-c2ccc(C#CCO)s2)cc1C(=O)NS(=O)(=O)c1ccccc1,1.033424
COc1cc(C(=O)NCc2ccc(OCCN(C)C)cc2)cc(OC)c1OC,1.04
O=C1Nc2ccc(Cl)cc2C(c2ccccc2)=NC1O,2.053463
C/C=C(/C)C(=O)O[C@H](c1cc2ccc(=O)oc2cc1OC)[C@H](O)C(C)(C)O,1.18763
COC(=O)c1cc(OC)c2c(c1-c1c(CO)cc(OC)c3c1OCO3)OCO2,1.20206
CCCC[C@@H](O)C(=O)N1C[C@H]2C[C@H]2[C@H]1C(=O)NCc1cc(Cl)ccc1-n1cnnn1,1.518514
Oc1cccc(-c2ccc3cc(O)ccc3c2)c1,0.94939
CN1CCN(C(=O)CCNC(=O)[C@@H](Cc2ccccc2)NC(=O)C2(NC(=O)c3cc4ccccc4s3)CCCC2)CC1,0.3008583333333333
CC(=O)CCCCn1c(=O)c2c(ncn2C)n(C)c1=O,1.82
C[C@@H]1NC(=O)[C@@H](C)NC(=O)[C@@H](C)NC(=O)[C@H](C)NC(=O)[C@H](C)N(C)C(=O)[C@@H](C)NC1=O,0.18
O=C(O[C@H]1C[C@H](n2cc(F)c(=O)[nH]c2=O)O[C@@H]1CO)c1cccc(C(=O)O[C@H]2C[C@H](n3cc(F)c(=O)[nH]c3=O)O[C@@H]2CO)c1,0.236789
CSc1ccc(/C=C/C(=O)NC2(C(=O)N[C@H](Cc3ccccc3)C(=O)NCC3CCN(CC4CCOCC4)CC3)CCCC2)cc1,0.672098
CCCN(CC1CC1)c1cc(C(=O)Nc2ccc3[nH]ncc3c2)ncn1,0.929419
Cc1cc(COc2ccc(NC(=O)[C@H]3CCN(C(=O)C(C)C)C[C@@H]3C(=O)NO)cc2)c2ccccc2n1,-0.522879
C=CCn1c(=O)c2cccnc2n(C2CCCCC2)c1=O,1.50515
CC(=O)NCc1ccc(-c2ccc(N3CCOc4ncnc(N)c4C3=O)cc2)c(Cl)c1,1.161368
O=c1cc(-c2ccc(O)cc2)oc2cc(O)c([C@@H]3O[C@H](CO)[C@@H](O)[C@H](O)[C@H]3O)c(O)c12,-0.20033
COC(=O)NC1(c2ccccc2)CCN(C[C@@H]2C[C@@]2(C(=O)N(C)Cc2ccccc2)c2ccc(Cl)c(Cl)c2)CC1,-0.39794
COc1ccc2c(c1)CCC=C2CCCN1CCc2cc(OC)c(OC)cc2C1,1.609594
CC1=C(C(=O)O)N2C(=O)C(NC(=O)C(N)C3=CCC=CC3)C2SC1,0.307496
NC(N)=NCC1COc2ccccc2O1,1.180103
Cc1cccc(C(=O)N2c3cccc(O)c3N=C3CC(C)(C)CC(O)=C3[C@@H]2c2ccc(OCc3ccccc3)cc2F)n1,1.064458
O=C(NCc1cc(Cl)ccc1-n1cnnn1)[C@@H]1C[C@@H]2C[C@@H]2N1C(=O)[C@H](O)c1ccccc1F,1.20412
Cc1c2c(=O)n(-c3ccccc3Cl)[nH]c2cc(=O)n1Cc1ccccn1,1.330414
Cc1nn(-c2ccc3onc(N)c3c2)c2c(=O)n(-c3ccc(-c4ccccc4CN(C)C)cc3)cnc12,1.041393
C[C@H]1Cc2ccccc2N1C(=O)Cc1nc(O)cc(N2CCOCC2)n1,0.681241
Oc1ccc(-c2ccc(-c3cccc(O)c3)s2)cc1,1.342423
Nc1noc2ccc(-n3nc(C(F)(F)F)cc3C(=O)NC3CCN(c4ccccc4CN4CCCC4)CC3)cc12,0.113943
OCC(O)CO,1.17
COC(=O)C1=C(C)NC(C)=C(C(=O)OCC(C)C)C1c1ccccc1N(O)O,1.3
C=CCc1cc(OC)c(OC(C)Cc2cc(OC)c(OC)c(OC)c2)c(OC)c1,1.27
O=c1ccc2ccc(O)cc2o1,1.428986
CC1Cc2ccccc2C=C1c1cccnc1,1.167317
COc1cc(C)c(S(=O)(=O)N(C)CCOCC(=O)N2CCN([C@@H]3CN4CCC3CC4)CC2)c(C)c1,0.146128
O=c1c(O)c(-c2ccc(O)c(O)c2)oc2cc(O)cc(O)c12,-0.115
CC(C)c1nc2ccccc2n1Cc1ccc(C(=O)N[C@@H]2CNC[C@@H]2C(=O)NO)cc1,-1.0
Clc1cccc(Cl)c1NC1=NCCN1,1.4817055
C[C@@H]1NC(=O)[C@H](C)NC(=O)[C@@H](C)N(C)C(=O)[C@H](C)N(C)C(=O)[C@@H](C)N(C)C(=O)[C@@H](C)NC1=O,0.18
CCCC(=O)c1cc(C#N)c(N2CCC(C(=O)NS(=O)(=O)C3(c4ccccc4)CC3)CC2)nc1SC,0.30103
Cc1c(-c2ccc(C[C@H](NC(=O)c3c(Cl)cccc3Cl)C(=O)O)cc2)c(=O)n(C)c(=O)n1C,0.123852
CCc1ccccc1Nc1nc2cc(Oc3ccnc(C(=O)NC)c3)ccc2o1,1.0
CC(C)c1nc2ccccc2n1Cc1ccc(C(=O)N[C@@H]2CCC[C@@H]2C(=O)NO)cc1,-1.0
Nc1noc2ccc(-n3nc(C(F)(F)F)cc3C(=O)Cc3ccc(-c4ccccc4CN4CCCC4)cc3)cc12,-0.045757
Cc1nsc(-c2nnc3n2CCN(C(=O)c2ccc(F)cc2)C3)n1,1.678518
Cn1c(N2CCOCC2)cc(OCc2ccc(Oc3ccc(Cl)c(C(F)(F)F)c3)c(F)c2)nc1=O,0.303196
CCCCOc1ncc(C(C)=O)cc1-c1nc(O)c2nn(CCN3CCOCC3)c(CC)c2n1,1.568202
CCc1cc(-c2c[nH]c3ncc(-c4cnn(CC(C)C)c4)cc23)nc(N)n1,1.431364
ON(O)NC1=NCCN1Cc1ccc(Cl)nc1,1.332227
CCCCn1c(-c2c(C)ccc3[nH]ncc23)cn2c3c(=O)[nH]c(=O)n(C)c3nc12,0.904174
Cn1cc[nH]c1=S,1.681241
O=C(Cc1ccccc1)N[C@H]1CO[C@H](/C=C/c2ccccc2)OC1,0.947434
CC(=O)NCc1ccc2c(c1)C(N1CCN(C)CC1)Cc1ccccc1S2,1.518514
CC(C(=O)O)c1ccc(CC2CCCC2=O)cc1,1.650639
N[C@@H](Cc1ccc(-c2ccc(F)cc2)cc1)C(=O)N1CCSC1,1.225568
CC(=O)N[C@@H](CCN1[C@@H]2CC[C@H]1C[C@@H](n1c(C)nc3c1CCN(c1ccncn1)C3)C2)c1cccc(F)c1,0.60206
COc1ccccc1N1CCN(c2ncnc3c2cnn3-c2ccccc2F)CC1,1.243038
Cc1ccc(-c2cc(C(F)(F)F)nn2-c2ccc(S(=O)(=O)NC(=O)CCc3cccc(N=Nc4ccc(O)c(C(=O)O)c4)c3)cc2)cc1,0.560504
CC(=O)Nc1cn2cc(-c3cnc(N)c(C(F)(F)F)c3)ccc2n1,1.60206
C[C@H](Cc1cccc(CC(=O)NCc2cc(Cl)cc(Cl)c2)c1)NC[C@H](O)c1ccc(O)c(CO)c1,0.0
CC[C@@H]1OC(=O)[C@@H](C)[C@H](O[C@H]2C[C@](C)(OC)[C@@H](O)[C@H](C)O2)[C@@H](C)[C@@H](O[C@H]2O[C@H](C)C[C@@H](N(C)C)[C@H]2O)[C@@](C)(O)C[C@@H](C)C(=O)[C@H](C)[C@@H](O)[C@@]1(C)O,0.22
CSCC[C@H](NC(=O)[C@H](Cc1ccccc1)NC(=O)CNC(=O)[C@@H](C)NC(=O)[C@@H](N)Cc1ccc(O)cc1)C(=O)O,-1.02
O=c1cc([C@H]2CCN[C@@H](Cc3ccccc3)C2)o[nH]1,0.278754
COc1cc(N2CCN(C)CC2)ccc1-c1nc2c(N[C@H]3[C@@H](C(N)=O)[C@@H]4C=C[C@H]3C4)c(Cl)cnc2[nH]1,0.69897
O=c1c(C2=CS(=O)(=O)c3ccccc3N2)c(O)c2cc(F)ccc2n1Cc1ccc(F)cc1,-0.221849
CCOc1ccc(C(=O)NC2(C(=O)N[C@H](Cc3ccccc3)C(=O)NCC3CCN(CC4CCOCC4)CC3)CCCC2)cc1,0.079181
COc1ncc(-c2cc3c(-c4ccncc4)ncnc3s2)cc1NS(=O)(=O)c1ccc(F)cc1F,0.7257395
COc1cnc2ccc(=O)n(CCN3CC[C@H](NCc4ccc5c(n4)NC(=O)CO5)[C@H](F)C3)c2c1,0.531479
C[C@]1(CS(=O)(=O)N2CCN(c3ncc(OCc4ccc(C(F)(F)F)o4)cn3)CC2)NC(=O)NC1=O,0.954243
CCC1=C(c2cccnc2)CCc2ccccc21,1.334454
CC#Cc1cncc(-c2cccc(C3(c4ccnc(C(F)F)c4)N=C(N)c4c(F)cccc43)c2)c1,0.672098
CC1(C)S[C@]2(C)[C@H](NC(=O)[C@H](N)c3ccccc3)C(=O)N2[C@H]1C(=O)O,-0.102373
C=CCc1cc(OC)c(OC(C)C(O)c2ccc(OC)c(OC)c2)c(OC)c1,1.38
CO[C@H]1CC[C@H](N2C(=O)CNc3ncc(-c4ccc(-c5nc[nH]n5)nc4C)nc32)CC1,0.986772
Cc1nc(-c2nc[nH]n2)ccc1-c1cnc2c(n1)N(CCC1CCOCC1)C(=O)CN2,0.623249
Cn1cc(-c2ccc(Cc3[nH]nc4ccc(C(=O)N5CCCC5)cc34)cc2)cn1,1.444045
OC[C@H]1O[C@@H](n2ccc3c(-c4cccs4)ncnc32)[C@H](O)[C@@H]1O,0.1959
Cc1ccc(N2CCN(C(=O)[C@H](C)Cc3ccc(Cl)cc3F)CC2)c([C@@H](NC(=O)CCN(C)C)C(C)C)c1,1.5686515
CC(C)CCn1nc(C(C)(C)C)c(O)c(C2=NS(=O)(=O)c3cc(NS(C)(=O)=O)ccc3N2)c1=O,-0.236572
Cc1nsc(-c2nnc3n2CCN(C(=O)c2ccc(-c4cccs4)cc2)[C@@H]3C)n1,1.556303
CC(C)(C)NC[C@@H](COc1nsnc1N1CCOCC1)OC(=O)C1CC1,1.719147
COC(=O)Nc1nc2ccc(C(=O)c3ccccc3)cc2[nH]1,0.711807
N#Cc1ccc(NCC(F)(F)c2ccccn2)c(F)c1CC(=O)NCCONC(=N)N,-0.045757
Oc1cccc(-c2ccc(-c3cccc(O)c3)cc2)c1,1.09691
CCS(=O)(=O)n1c2c(c3cc(C(=O)N4CCC(C)CC4)ccc31)CN(C1CCOCC1)CC2,1.113943
CN(C(=O)c1c(F)cccc1Cl)c1ncc(-c2cc(C(N)=O)ccc2Cl)cc1OCC(F)(F)F,0.770852
C[C@@H](O)[C@@H]1NC(=O)[C@H](CCCCN)NC(=O)[C@@H](Cc2c[nH]c3ccccc23)NC(=O)[C@H](Cc2ccccc2)NC(=O)[C@@H]2CCCN2C(=O)[C@H](Cc2ccccc2)N(C)C1=O,-0.300515
COc1c(-c2cnc3[nH]cc(C(=O)c4ccc(CO)cc4Cl)c3c2)cnn1C,0.892095
NC(=O)[C@H](Cc1cccc(F)c1)NC(=O)[C@@H](N)Cc1ccccc1,0.176091
Oc1ccc(-c2cnc(-c3cccc(O)c3)s2)cc1,0.892095
CC(C)C(N)C(=O)OCCOCn1cnc2c(=O)[nH]c(N)nc21,0.330224
O=C1Cc2cc(C(=O)N[C@H]3C[C@H]4CC[C@@H](C3)N4S(=O)(=O)N3CCC(NCc4ccccc4)CC3)c(Cl)cc2N1,-0.468521
O=C(O)CCCN1CCOc2c(NC(=O)c3ccc(OCCCCc4ccccc4)cc3)cccc21,-0.769551
CC(C)NCC(O)COc1cccc(NS(C)(=O)=O)c1,0.623249
Nc1nc(O)c(Cl)c(-c2ccc(OCC3CCOC3)c(C(F)(F)F)c2)n1,0.924279
CN(Cc1ccc(F)cc1)C(=O)[C@@]1(c2ccc(Cl)c(Cl)c2)C[C@H]1CN1CCN(CC(=O)N2CCCC2)CC1,1.431364
CS(=O)(=O)C1(c2cc(N3CCOCC3)nc(-c3cccc4[nH]ccc34)n2)CC1,1.322219
CC(C)C[C@@H]1NC(=O)[C@H](Cc2ccc(O)cc2)NC(=O)[C@@H]2CCCN2C(=O)[C@@H](CC(C)C)NC(=O)[C@@H](CC(C)C)NC(=O)[C@@H](CC(C)C)NC1=O,0.155336
COc1cccc(-c2cccc([C@]3(c4ccncc4)N=C(N)N4CC(F)(F)CN=C43)c2)c1F,0.826075
CCCCC(COC(=O)C(C)(C)C)NP(=O)(OC[C@H]1O[C@@H](n2ccc(N)nc2=O)[C@](C)(O)[C@@H]1O)Oc1ccccc1,0.146128
NC(=O)c1cccc(-n2nc(C(F)(F)F)c3c2C(=O)N(c2ccc(-c4ccccc4CN4CC[C@@H](O)C4)cc2)CC3)c1,0.462398
CN(CC(N)=O)Cc1nc(-c2cn(CC3CCOCC3)c3c(Cl)cccc23)no1,0.919078
Oc1ncnc2c(-n3cc(CCN4CCC(c5ccc(F)cc5)CC4)cn3)nccc12,1.156246
Nc1ccc(S(=O)(=O)O)cc1,0.57
CN(C)Cc1cnccc1-c1ccc(-c2ccc3c(C(N)=O)nn(-c4ccc5onc(N)c5c4)c3c2F)c(F)c1,0.825426
NCCc1c[nH]c2ccc(O)cc12,1.14
O=C1CN=C(c2ccccn2)c2cc(Br)ccc2N1,1.599774
Clc1ccc2c(c1)N=C(N1CCNCC1)c1ccccc1N2,1.32
O=C(NCc1cc(Cl)ccc1-n1cnnn1)[C@@H]1CC=NN1C(=O)[C@H](O)c1ccccc1,0.845098
CC(C)CCn1nc(-c2cccs2)c(O)c(C2=NS(=O)(=O)c3cc(N(C)S(C)(=O)=O)ccc3N2)c1=O,-0.69897
COc1cc(C)c(S(=O)(=O)N(C)CCOCC(=O)N2CCC(C3CCN(C(C)C)CC3)CC2)c(C)c1,0.477121
C[C@@H]1NC(=O)[C@@H](C)N(C)C(=O)[C@@H](C)N(C)C(=O)[C@H](C)N(C)C(=O)[C@H](C)N(C)C(=O)[C@@H](C)N(C)C1=O,0.85
O=C(O)CCCN1CC(c2nn[nH]n2)Oc2c(NC(=O)c3ccc(OCCCCc4ccccc4)cc3)cccc21,-0.958607
CNC(=O)NC1(c2ccccc2)CCN(C[C@@H]2C[C@@]2(C(=O)N(C)Cc2ccccc2)c2ccc(Cl)c(Cl)c2)CC1,-0.221849
CCCCOc1cccc(C(=O)NC2(C(=O)N[C@H](Cc3ccccc3)C(=O)NCC3CCN(CC4CCOCC4)CC3)CCCC2)c1,0.643453
Cn1nnc(-c2c(F)cc(Cl)cc2-c2cnc(CNC(=O)N(O)C3CCC(F)(F)CC3)c(F)c2)n1,1.380211
COc1ccc(-n2nc(C(N)=O)c3c2C(=O)N(c2ccc(C4(CN5CCCC5=O)CC4)cc2)CC3)cc1,-0.09691
CO[C@H]1C(=O)[C@]2(C)[C@@H](OC)C[C@H]3OC[C@@]3(OC(C)=O)[C@H]2[C@H](OC(=O)c2ccccc2)[C@]23OC(=O)O[C@H]2[C@H](OC(=O)[C@H](O)[C@@H](NC(=O)OC(C)(C)C)c2ccccn2)C(C)=C1C3(C)C,0.563481
O=C(NCc1cc(Cl)ccc1-n1cnnn1)[C@@H]1[C@H]2C[C@H]2CN1C(=O)[C@H](O)C1CCCCC1,1.39794
CCN(CCO)C(=O)c1cc2cccnn2c1-c1cccc(C(F)(F)F)c1,1.623249
Cc1nnc2n1-c1ccc(Cl)cc1C(c1ccccc1Cl)=NC2,1.45
O=C1NN=C(c2ccc(OC3CCN(C4CCC4)CC3)cc2)[C@H]2C[C@@H]12,1.214844
C=CCN1CC[C@]23c4c5ccc(O)c4O[C@H]2C(=O)CC[C@@]3(O)[C@H]1C5,1.3475903333333334
CCC[C@H](CC1(C(=O)Nc2nnc(CC)s2)CCCC1)C(=O)O,0.954243
Cc1ncc2n1-c1ccc(Cl)cc1C(c1ccccc1F)=NC2,1.629241
NC(=O)C(c1ccccc1)(c1ccccc1)[C@@H]1CCN(CCc2ccc3c(c2)OCC3)C1,1.278754
CN1CCC(c2cn(-c3ccc(F)cc3)c3ccc(-c4cncnc4)cc23)CC1,1.113943
O=C(NOCc1ccccc1)Nc1ccc2c(-c3ccncc3)c[nH]c2c1,0.812913
CNC(=O)[C@H](Cc1ccccc1)N(C)C(=O)[C@@H](Cc1ccccc1)N(C)C(=O)[C@H](Cc1ccccc1)N(C)C(C)=O,1.50511
O=C(Nc1cccc(C(F)(F)F)c1)c1nscc1NCc1ccnc2ccccc12,0.4313453333333333
O=c1cc([C@H]2CCN[C@H](Cc3ccccc3)C2)o[nH]1,0.079181
N=C(N)SCc1cc(F)ccc1Oc1cc(F)ccc1CSC(=N)N,-0.60206
CN(C(=O)c1c(F)cccc1Cl)c1ccc(-c2cc(C(N)=O)ccc2Cl)cc1OCC(F)(F)F,1.507856
CC(=O)N1CCN(c2ccc(OCC3COC(Cn4ccnc4)(c4ccc(Cl)cc4Cl)O3)cc2)CC1,1.11227
C=CCN(CC)C(=O)[C@@]1(c2ccsc2)C[C@H]1CN,0.80618
CC1(c2cccc(-c3cncnc3)c2)N=C(N)c2ccccc2S1,1.591065
CCC/C=C\CC/C=C/C=C/C(=O)NCC(C)C,1.30103
CC[C@H](C)[C@H](N)C(=O)O[C@@H]1C[C@@H](n2cc(F)c(=O)[nH]c2=O)O[C@H]1CO,0.44
O=C(O)Cc1c(/C=C/C(=O)OC(Cc2ccc(O)c(O)c2)C(=O)O)ccc(O)c1O,-1.179571
CC#Cc1cncc(-c2cccc([C@@]3(c4cc(C)c(=O)n(CC)c4)N=C(N)c4c(F)cccc43)c2)c1,1.041393
C[C@@H]1CN(c2cc(=O)c3cc(C(=O)N4CCOCC4)cc(CN4CCOc5c(F)cccc54)c3o2)CCO1,0.892095
C[C@@H]1CN(c2nnc(C(F)(F)F)o2)CCN1c1ncc(OCc2ccncc2C#N)cn1,1.2726540000000002
CCCCn1c(-c2ccccc2C)cn2c3c(=O)[nH]c(=O)n(C)c3nc12,1.630428
COc1cc(-c2cc(=O)c3c(O)cc(O)cc3o2)cc(O)c1O,0.0
CCCCN1C(=O)[C@H](CC2CCCCC2)NC(=O)C12CCN(Cc1ccc(Oc3ccc(C(=O)NC)cc3)cc1)CC2,0.545307
CC(C)CCn1c(=O)c2cccnc2n(CCC(C)C)c1=O,1.143015
Cc1noc(C)c1-c1ccc(-c2nc(C)c([C@H](OC(C)(C)C)C(=O)O)c(-c3ccc(Cl)cc3)c2C)cc1,1.230449
C[C@@H]1NC(=O)[C@H](C)N(C)C(=O)[C@@H](C)N(C)C(=O)[C@H](C)N(C)C(=O)[C@@H](C)N(C)C(=O)[C@@H](C)NC1=O,0.74
Cc1cc(COc2ccc(NC(=O)[C@H]3NCCC[C@@H]3C(=O)NO)cc2)c2ccccc2n1,0.342423
Cc1cc(COc2ccc(C(=O)N[C@@H]3CC(=O)C[C@@H]3C(=O)NO)cc2)c2ccccc2n1,-0.69897
COc1ccc(-n2nc(C(F)(F)F)c3c2C(=O)N(c2ccc(C4(N(C)C)CC4)cc2)CC3)cc1,0.963788
CC(C)(F)C(=O)NC[C@@H]1CCCN1C(=O)C[C@H](N)Cc1cc(F)c(F)cc1F,0.278754
O=C(/C=C/c1ccc(O)c(O)c1)OC(Cc1ccc(O)c(O)c1)C(=O)O,-0.7
COc1cc(C)c(S(=O)(=O)N(C)CCOCC(=O)N2CCN(CC3CCN(C)CC3)CC2)c(C)c1,0.176091
O=C(CCCN1CCC(O)(c2cccc(Cl)c2)CC1)c1ccc(F)cc1,1.208172
C#CCN(CC#C)C(=O)[C@@]1(c2cccs2)C[C@H]1CN,1.39794
COC(=O)N1CCc2nc(C)n([C@H]3C[C@H]4CC[C@@H](C3)N4CC[C@H](NC(C)=O)c3ccccc3)c2C1,0.477121
C#CC#CC/C=C\CCCCCC(C)=O,1.507575
CC(C)(C)CCn1c(=O)c(C2=NS(=O)(=O)c3cc(NS(C)(=O)=O)ccc3N2)c(O)c2cccn21,-0.154902
CCOc1ccc(Cc2nc3cc(N(C)S(=O)(=O)c4cccs4)ccc3n2CC2CCCCC2)nc1,-0.221849
O=C(O[C@H]1C[C@H](n2cc(F)c(=O)[nH]c2=O)O[C@@H]1CO)c1ccccc1Cl,0.311118
CC#CC#CCC/C=C\C=C\C(=O)NCC(C)CC,1.877531
Cc1ccc(-c2cccc(-c3nn[nH]n3)c2)cc1,0.863323
COc1ccc(C2(c3cccc(-c4cncnc4)c3)N=C(C)C(N)=N2)cc1,1.322219
CC[C@]1(C)NC(=O)c2cc(S(=O)(=O)Nc3ccc(F)cc3F)ccc2NC1=O,0.752048
O=C(/C=C/c1ccc2c(c1)nc(CCc1ccccc1)n2CCN1CCCC1)NO,0.478805
O=C(O)CCCN1CC(c2nn[nH]n2)Oc2c(/C=C/c3ccc(OCCCCc4ccccc4)cc3)cccc21,-0.79588
COc1c(O)cc2oc(-c3ccc(O)cc3)cc(=O)c2c1O,0.82
Clc1cccc(Cl)c1N=C1NCCN1,1.514548
C[C@@H]1CCCN1CCCOc1ccc(C2=NNC(=O)C(C)(C)C2)cc1,1.146128
CNc1nc2sc3c(NCCN4CCOCC4)ncnc3c2c2c1CCC(C)(C)C2,1.136721
N#Cc1ccc(Cn2cncc2CN2CCN(C(=O)C34CC5CC(CC(C5)C3)C4)CCC2c2ccccc2)cc1,0.556303
O=C(/C=C/c1ccc(O)c2c1C(C(=O)O)C(c1ccc(O)c(O)c1)O2)OC(Cc1ccc(O)c(O)c1)C(=O)O,-1.089155
CO[C@H]1C[C@H]2OC[C@@]2(OC(C)=O)[C@H]2[C@H](OC(=O)c3ccccc3)[C@]3(O)C[C@H](OC(=O)[C@H](O)[C@@H](NC(=O)c4ccccc4)c4ccccc4)C(C)=C([C@@H](OC(=O)N(C)C)C(=O)[C@]12C)C3(C)C,0.468347
CC1(C)S[C@H]2[C@@H](NC(=O)Cc3ccccc3)C(=O)N2[C@@H]1C(=O)O,0.130207
CC(CN1c2ccccc2Sc2ccccc21)N(C)C,2.222785
CCOC(=O)C1=C(C)NC(C)=C(C(=O)OC)C1c1cccc(Cl)c1Cl,1.3581093333333334
O=c1nc(O)ccn1[C@@H]1O[C@H](CO)[C@@H](O)[C@@H]1O,-0.1
CCOc1ccc(-c2n[nH]c(SCC(=O)Nc3cc(C)cc(C)c3)n2)cc1,1.663701
CNCC(=O)N[C@H](c1cccc(F)c1N1CCN(C(=O)[C@H](C)Cc2ccc(Cl)cc2Cl)CC1)C(C)C,0.3006866666666666
CC(C)[C@H](NC(=O)[C@H](OCc1ccccc1)[C@H](O)[C@@H](O)[C@@H](OCc1ccccc1)C(=O)N[C@H]1c2ccccc2C[C@H]1O)C(=O)NCCF,0.2027466666666666
CC(C)(S)C(N)C(=O)O,1.117934
CCCC(=O)c1cc(C#N)c(N2CCC(C(=O)NS(=O)(=O)Cc3ccccc3)CC2)nc1CCC,0.079181
Oc1ncnc2c(-n3cc(CCN4CCC(c5cccc(C(F)(F)F)c5)CC4)cn3)nccc12,1.184975
COc1cccc(-c2cccc(C3(C)COCC(N)=N3)c2)c1,1.30103
COc1ccc(-c2cc(=O)c3c(O)cc(O)cc3o2)cc1,1.159417
O=C(C[C@H]1CNC(=O)c2cc(-c3cccc(F)c3)cn21)N[C@H](CO)C1CCCCC1,0.041393
CC(C)C[C@H](CO)Nc1nc(S(=O)Cc2ccccc2)nc2nc(O)sc12,0.0
COc1ccc2c(O[C@@H]3C[C@H]4C(=O)N[C@]5(C(=O)NS(=O)(=O)C6CC6)C[C@H]5/C=C\CCCCN(C)C(=O)[C@@H]4C3)nc(-c3nc(C(C)C)cs3)nc2c1,0.7790755
Cc1c(Cc2ccccc2S(=O)(=O)c2ccccc2)c2c(n1CC(=O)O)CC(C)(C)NC2=O,0.041393
COc1ccc2cc([C@H](C)C(=O)O)ccc2c1,1.3399033333333332
CC(C)C[C@@H]1NC(=O)[C@H](CC(C)C)N(C)C(=O)[C@H](Cc2ccc(O)cc2)NC(=O)[C@@H]2CCCN2C(=O)[C@H]2CCCN2C(=O)[C@@H](CC(C)C)NC1=O,0.017033
C[C@@H](c1ccccn1)c1c(CCN(C)C)sc2ccccc12,1.33646
O=c1c(O)c(-c2ccc(O)cc2O)oc2cc(O)cc(O)c12,-0.209701
Cc1cc(F)ccc1-c1c(Oc2ccc(/C=C/C(=O)O)cc2)c2ccccc2oc1=O,1.672098
C[C@@H]1C[C@H]2[C@@H]3CCC4=CC(=O)C=C[C@]4(C)[C@@]3(F)[C@@H](O)C[C@]2(C)[C@@]1(O)C(=O)CO[C@H]1O[C@@H](CO)[C@H](O)[C@@H](O)[C@@H]1O,-0.54
CCN1C(=O)c2cccc3c(S(=O)(=O)NC4CCCCC4)ccc1c23,1.326336
COC1(C)CN(C(=O)c2ccc3c(N)ncc(-c4ccc(-c5cnn(C)c5)cc4)c3n2)C1,1.603144
CC(=O)Nc1cccc(/C(C)=N\NC(=O)c2ccc(CN(Cc3ccccc3)S(=O)(=O)c3ccc(Cl)cc3)cc2)c1,-1.0
COc1cccc(-c2c(C)n(Cc3c(F)cccc3C(F)(F)F)c(=O)n(C[C@@H](c3ccccc3)N(C)CCCC(=O)O)c2=O)c1F,0.875061
CC(NC(C)(C)C)C(=O)c1ccc(Cl)cc1,2.176091
N#Cc1ccc(NCC(F)(F)c2ccc(F)c(F)c2)c(F)c1CC(=O)NCCONC(=N)N,-0.30103
O=C(Nc1cccc(C(F)(F)F)c1)c1nscc1NCc1ccncc1,0.8426396666666666
CC(C)c1nc(-c2nnc3n2CCN(C(=O)c2ccc(-c4cccs4)cc2)[C@@H]3C)co1,1.654177
COc1ccc(-n2nc(S(C)(=O)=O)c3c2C(=O)N(c2ccc(C4(CN5CCCC5=O)CC4)cc2)CC3)cc1,0.30103
CO/N=C(\C(=O)NC1C(=O)N2C(C(=O)O)=C(CSc3nc(=O)c(O)nn3C)CSC12)c1csc(N)n1,-0.879426
CC12CC3CC(C)(C1)CC(N)(C3)C2,1.63749
NCCCC[C@H](N[C@@H](CCc1ccccc1)C(=O)O)C(=O)N1CCC[C@H]1C(=O)O,-1.389072
C#CC1(O)CCC2C3CCC4=CC(=O)CCC4C3CCC21C,1.451018
C=CCc1cc(OC)c(OC(C)C(O)c2cc(O)cc(OC)c2)c(OC)c1,1.35
O=C(NCc1nccs1)c1ccc(N2CCN(C(=O)c3ccccc3C(F)(F)F)CC2)nn1,1.462398
O=C(/C=C/c1ccc(O)cc1)c1ccc(O)cc1O,1.162176
O=S(=O)(Cc1c(F)cccc1F)N1CCN(c2ncccc2C(F)(F)F)CC1,1.0
CC(C)C(NC(=O)[C@@H]1CCCN1C(=O)[C@@H](NC(=O)N1CCOCC1)C(C)C)C(=O)C(F)(F)C(F)(F)F,1.48215
Cc1ccc(NC(=O)c2ccc(CN3CCN(C)CC3)cc2)cc1Nc1nccc(-c2cccnc2)n1,0.5960673333333334
CC(C)C[C@@H]1NC(=O)[C@@H](Cc2ccccc2)NC(=O)CNC(=O)[C@@H](C)NC(=O)[C@H](Cc2ccc(O)cc2)NC(=O)[C@@H]2CCCN2C1=O,-1.045757
CC(C)C[C@H]1NC(=O)[C@H](Cc2ccccc2)NC(=O)CN(C)C(=O)[C@@H](C)N(C)C(=O)[C@H](Cc2ccc(O)cc2)NC(=O)[C@@H]2CCCN2C1=O,-0.200659
Cn1cnc(S(=O)(=O)N(CCN(Cc2cncn2C)c2ccc(C#N)cc2)Cc2ccccn2)c1,0.255273
COc1ccc(C2(c3cccc(Br)c3)N=C(N)N3CC(F)(F)CN=C32)cc1,1.041393
Cn1cnc(S(=O)(=O)N(CCN(Cc2cncn2C)c2ccc(C#N)cc2)Cc2ccccc2)c1,0.0411609999999999
CCOc1ccccc1OCC1COCCN1,1.607884
CCCCCCCCCCC(N)C(=O)N[C@@H](Cc1ccc(O)cc1)C(=O)N1CCC[C@H]1C(=O)N[C@@H](Cc1c[nH]c2ccccc12)C(=O)N[C@@H](Cc1ccccc1)C(N)=O,0.093422
CC(F)(F)c1nc2ccccc2n1Cc1ccc(C(=O)N[C@@H]2CCOC[C@@H]2C(=O)NO)cc1,-0.154902
CCN1C(=O)c2cccc3c(NS(=O)(=O)c4cc(Br)ccc4OC)ccc1c23,1.103804
CC1(C)CC(c2ccc(OC3CCN(C4CCC4)CC3)cc2)=NNC1=O,1.431364
CN(C)Cc1ccccc1-c1ccc(N2CCc3c(C(F)(F)F)nn(-c4ccccc4S(N)(=O)=O)c3C2=O)cc1,0.763428
CC(C)(NCCCc1cc(-c2cccc(C(F)(F)F)c2)nc(C#N)n1)C(N)=O,0.954243
CC(C)C[C@H]1C(=O)NCC(=O)N[C@@H](CCCN=C(N)N)C(=O)NCC(=O)N[C@@H](CC(=O)O)C(=O)N(C)[C@H](Cc2ccccc2)C(=O)N1C,-1.522879
CC1(C)NC(=O)c2cc(S(=O)(=O)Nc3ccc(C(F)(F)F)cc3)c(F)cc2NC1=O,0.69897
CCCS(=O)(=O)N1CCC(CNC(=O)c2ccc(F)cc2Cl)(C(=O)N2CCOCC2)CC1,1.342423
O=C(O)CCCN1CC(C(=O)O)Oc2c(/C=C/c3ccc(OCCCCc4ccccc4)cc3)cccc21,0.113943
CCCS(=O)(=O)N1CCC(CNC(=O)c2c(F)cccc2F)(C(=O)N2CCOCC2)CC1,1.342423
COc1ccc2c(O[C@H]3CCN4C(=O)N(C)CCCC/C=C/[C@@H]5C[C@@]5(C(=O)NS(=O)(=O)C5(C)CC5)NC(=O)[C@@H]4C3)cc(-c3nc(C(F)(F)F)cs3)nc2c1C,0.255273
COc1c2ccoc2c(OCC2OC2(C)C)c2oc(=O)ccc12,1.7
C[C@H]1Cn2c(nnc2-c2cc[nH]n2)C(=O)N1Cc1cccc(C(F)(F)F)c1Cl,0.732394
CN[C@@H](Cc1ccccc1)C(=O)N(C)CC(=O)N(C)CC(=O)NCC(=O)NCC(=O)N(C)[C@@H](Cc1ccccc1)C(N)=O,-0.337242
COc1cc(C)c(S(=O)(=O)N(C)CCOCC(=O)N2CCC(CN3CCN(C)CC3)CC2)c(C)c1,0.681241
CC(C)C[C@@H]1NC(=O)[C@H](Cc2ccccc2)NC(=O)CNC(=O)[C@H](C)NC(=O)[C@H](Cc2ccc(O)cc2)NC(=O)/C=C\c2ccccc2OCOC1=O,-0.33395
CC(C)(C)c1ccc(C(=O)O[C@H]2C[C@H](n3cc(F)c(=O)[nH]c3=O)O[C@@H]2CO)cc1,0.330819
Cc1nc(C)c(-c2ccc([C@H]3CC[C@H](CC(=O)NS(C)(=O)=O)CC3)cc2)nc1C(N)=O,0.30103
C=CCc1ccccc1OCC(CNC(C)C)OC(=O)C1CC1,1.849217
COc1cc2c(cc1OC)CN(C(=O)c1ccc3ccccc3c1)CC2,1.510545
CCCS(=O)(=O)N1CCC(CNC(=O)c2ccccc2)(C(=O)N2CCOCC2)CC1,1.342423
Cc1ccc(Nc2c(-c3ccc(F)cc3)nc3n2CCN(C(=O)CN)C3)cc1,0.212188
Cc1ccc(-c2ccc(C(=O)NC3(C(=O)N[C@@H](CCCN4CCN(CC5CCOCC5)CC4)Cc4ccccc4)CCCC3)cc2)cc1,0.851258
Cc1cc(NC(O)=C2C(=O)c3ccccc3S(=O)(=O)N2C)no1,1.39
COc1cncc(-c2cccc(C3(c4ccc(OC(F)F)cc4)N=C(N)N4CC(F)(F)CN=C43)c2)c1,0.380211
CNC(=O)[C@H](Cc1ccccc1)NC(=O)[C@@H](N)Cc1ccccc1,0.342423
O=C(CCCCCNC(=O)NC(=O)c1ccccc1)NO,0.494155
Fc1cccc2c1O[C@H]1CNC[C@@H]1O2,1.9
COc1ccc(-n2nc(C(F)(F)F)c3c2C(=O)N(c2ccc(C4(Cn5ccnc5C)CC4)cc2)CC3)cc1,0.845098
CS(=O)(=O)N1Cc2ccc(S(=O)(=O)c3ccc4c(c3)OCCO4)cc2C1,1.489902
c1ccn2cc(-c3ccc(OCCCN4CCCCC4)cc3)cc2c1,1.149219
CS(=O)(=O)NC[C@H]1CC[C@H](Nc2nc3c(s2)CCSc2ccccc2-3)CC1,1.564666
COc1ccc(-n2nc(C(N)=O)c3c2C(=O)N(c2ccc(C4(N(C)CCO)CC4)cc2)CC3)cc1,0.380211
C[C@@H]1O[C@@H](O[C@H]2[C@H](Oc3cc(O)c4c(c3)O[C@H](c3ccc(O)cc3)CC4=O)O[C@H](CO)[C@@H](O)[C@@H]2O)[C@H](O)[C@H](O)[C@H]1O,-0.82
CC12CCC(=O)C=C1CCC1C2C(O)CC2(C)C(C(=O)CO)CCC12,1.642479
CC(C)CCn1nc(CC2CC2)c(O)c(C2=NS(=O)(=O)c3cc(NS(C)(=O)=O)ccc3N2)c1=O,-0.309804
C/C=C/C#CCC/C=C\C=C\C(=O)NCC(C)C,2.0
C[C@H](CO)Nc1cc(NS(=O)(=O)N2CCNCC2)nc(SCc2cccc(Cl)c2F)n1,-1.0
CCC[C@H](NC(=O)[C@@H]1[C@H]2CCC[C@H]2CN1C(=O)[C@@H](NC(=O)[C@@H](NC(=O)c1cnccn1)C1CCCCC1)C(C)(C)C)C(=O)C(=O)NC1CC1,0.610928
COc1ccc(CCNc2ncc(C)n(CC(=O)NCCON=C(N)N)c2=O)cc1OC,-0.060481
Cn1c(N2CCCN(CC/C=C3/c4ccccc4COc4ccc(CC(=O)O)cc43)CC2)cc(=O)n(C)c1=O,0.60206
C[C@H](c1ccc(Cl)cc1)N1C(=O)c2cc(I)ccc2N(CCCCC(=O)O)C(=O)[C@@H]1c1ccc(C(F)(F)F)cc1,1.012837
Cn1c(N2CCCN(CCCN3c4ccccc4CCc4ccc(CC(=O)O)cc43)CC2)cc(=O)n(C)c1=O,0.414973
CNC(=O)[C@@H](NC(=O)[C@@](O)(CCCN(Cc1ccc(-c2ccccc2)cc1)NC(=O)[C@@H](NC(=O)OC)C(C)(C)C)Cc1ccccc1)C(C)(C)C,1.322219
O=C(Cc1nc(O)cc(N2CCOCC2)n1)N1CCc2c(-c3ccccc3)cccc21,0.851258
CN1CCN(S(=O)(=O)c2ccc(-c3cncc(C(=O)Nc4cccnc4)n3)cc2)CC1,1.39794
COc1cc(S(=O)(=O)Nc2ccc(C(F)(F)F)cc2)cc2c1NC(=O)C(C)(C)NC2=O,1.079181
Cc1cc(COc2ccc(C(=O)N[C@@H]3CNCC[C@@H]3C(=O)NO)cc2)c2ccccc2n1,-0.69897
CC(C)C[C@@H]1NC(=O)[C@@H](Cc2ccccc2)N(C)C(=O)[C@H](CC(=O)O)NC(=O)CNC(=O)[C@H](CCCN=C(N)N)NC(=O)CNC1=O,-1.522879
COCC[C@H](CC1(C(=O)NC2(CO)Cc3ccccc3C2)CCCC1)C(=O)O,0.0
C=C(c1ccccc1)[C@H]1OC[C@@H](N)CO1,1.009451
CC(C)(N)C(=O)N1CCn2c(nc(-c3cccc(F)c3)c2Nc2ccc(F)cc2)C1,0.029384
CCNc1cnc2nnn(Cc3ccc4ncccc4c3)c2n1,1.311754
Cc1cc(C2(c3cccc(-c4cncnc4)c3)N=C(N)c3c(F)cccc32)cc(C)n1,1.278754
N[C@@H](CC(=O)N1CCC[C@H]1CNC(=O)C1(C(F)(F)F)CC1)Cc1cc(F)c(F)cc1F,0.755875
CC(C)Cc1ccc(C(C)C(=O)O)cc1,1.6557805
Cc1coc2cc(Cl)c(Oc3ccncc3C(=O)N3CCN(C4CC4)c4ccccc43)cc12,0.322219
CN1/C(=C(\O)Nc2ccccn2)C(=O)c2sccc2S1(=O)=O,1.321349
Cc1nc(-n2ccc(C3CC3)cc2=O)sc1C(=O)NCc1ccccc1,1.447158
CN(C)C(=O)Oc1cccc(NC(=O)C2(N(C)C)CCN(c3ncnc4[nH]c5c(c34)CCCC5)CC2)c1,1.243038
CCC1(C)NC(=O)c2cc(S(=O)(=O)Nc3ccc(F)cc3F)cc(C)c2NC1=O,1.060698
CCN(C)Cc1ccccc1N1CCC(NC(=O)c2cc(C(F)(F)F)nn2-c2ccc3onc(N)c3c2)CC1,0.431364
NCC(=O)N1CCn2c(nc(-c3ccc(F)cc3)c2Nc2ccc(Cl)c(F)c2)C1,-0.124939
O=c1c(O)c(-c2cc(O)c(O)c(O)c2)oc2cc(O)cc(O)c12,0.23
Cn1c(N2CCCN(CC/C=C3/c4ccccc4COc4ccc(C(=O)O)cc43)CC2)cc(=O)n(C)c1=O,0.579784
CC1(C[C@@H](O)C(=O)N2N=CC[C@H]2C(=O)NCc2cc(Cl)ccc2-n2cnnn2)CC1,0.977724
O=C(/C=C/c1ccc(O)c(O)c1)O[C@@H]1C[C@](O)(C(=O)O)C[C@@H](OC(=O)/C=C/c2ccc(O)c(O)c2)[C@H]1O,-0.537602
CCOP(=O)(OCC)C(Cc1ccc(F)c(F)c1)c1sc2ccccc2c1C,0.600973
CCc1nn2ccccc2c1Cc1ccc(C(=O)N[C@@H]2CCOC[C@@H]2C(=O)NO)cc1,0.041393
CC(C)(C)OC[C@@H](O)C(=O)N1[C@H](C(=O)NCc2cc(Cl)ccc2-n2cnnn2)C[C@@H]2C[C@@H]21,0.653213
Cc1c(C(=O)c2cccc3ccccc23)c2cccc3c2n1[C@H](CN1CCOCC1)CO3,1.082785
COc1cc2c(cc1OC)CN(Cc1cccc(-c3ccccc3)c1)CC2,1.478566
COC(=O)c1ccc2[nH]c(C(F)(F)F)nc2c1,1.514415
N#Cc1cccnc1N1CCN(C(=O)c2cccc(Oc3nnc(O)c4ccccc34)c2)CC1,1.079181
CN1CCN(c2ccc(C(=O)Nc3[nH]nc4ccc(Cc5cc(F)cc(F)c5)cc34)c(NC3CCOCC3)c2)CC1,0.380211
CCCCCCNC(=O)c1ccc(N2CCN(C(=O)c3ccccc3C(F)(F)F)CC2)nn1,1.30103
Cc1nnc(NS(=O)(=O)c2ccc(N)cc2)s1,0.161026
COc1cccc(-c2cccc(C3(C)N=C(C)C(N)=N3)c2)c1,1.531479
N#Cc1ccccc1Cn1c(N2CCC[C@@H](N)C2)nc2nccc-2c1O,-0.19382
CN(C)C(=O)c1ccc(-c2ccc3c(c2)CCN(CCN2CCCC2)C3=O)cc1,1.082785
COCCn1cc(C(=O)C(=O)Nc2ccc(OC)nc2)c2ccccc21,1.50515
CN1CCN(c2c(F)cc3c(c2F)N(CCF)CC(C(=O)O)C3=O)CC1,1.190052
CC(=O)c1sc(NC(=O)N[C@@H]2CN(C(C)=O)CC[C@H]2CN2CCC[C@@H](Cc3ccc(F)cc3)C2)nc1C,0.447158
CS(=O)(=O)Nc1ccc2c(c1)S(=O)(=O)NC(C1=C(O)[C@@H]3CCCC[C@@H]3N(Cc3ccc(F)cc3)C1=O)=N2,0.0
Cn1c(N2CCOCC2)cc(OCc2ccc(Oc3ccc(Cl)c(C(F)(F)F)c3)c(C#N)c2)nc1=O,0.815578
COc1ccc2[nH]c(S(=O)Cc3ncc(C)c(OC)c3C)nc2c1,1.8026133333333327
Cc1ccc(N2CCN(C(=O)[C@H](C)Cc3ccc(Cl)cc3)CC2)c([C@@H](N)CC(C)C)c1,0.255273
O=C(NCc1ccc(C(F)(F)F)o1)c1ccc(N2CCN(C(=O)c3ccccc3C(F)(F)F)CC2)nn1,1.255273
CN(C)Cc1ccccc1-c1ccc(N2CCc3c(C(F)(F)F)nn(-c4cccc(C(N)=O)c4)c3C2=O)cc1,0.740363
CC(=O)N[C@@H](Cc1ccc(O)cc1)C(=O)N[C@@H](C)C(=O)NCC(=O)N[C@@H](Cc1ccccc1)C(=O)N[C@@H](CC(C)C)C(N)=O,-1.481486
Nc1ncnc2c1C(=O)N(c1ccc(-c3ccccc3Cl)c(F)c1)CCO2,1.0
NC1=NC(c2cccc(-c3cncnc3)c2)(c2ccnc(C(F)F)c2)c2cccc(F)c21,1.431364
O=C(CCC1=CCN(Cc2ccc(F)cc2)C1=O)NO,0.892095
Cc1cc(COc2ccc(C(=O)NC3(CC(=O)NO)CCN(C(=O)CC(C)(C)C)CC3)cc2)c2ccccc2n1,-0.102373
CC#Cc1cncc(-c2cccc([C@@]3(c4cc(C)c(=O)n(CC)c4)N=C(N)c4c(F)cc(F)cc43)c2)c1,0.94939
CC(=O)OC(C)OC(=O)[C@H](Cc1ccc(-c2c(C(F)(F)F)cc(C)n(C)c2=O)cc1)NC(=O)c1c(Cl)cccc1Cl,1.439333
CO[C@@H]1C[C@H]2C(=O)C=C3C(CC[C@]4(C)[C@@H]([C@@](C)(O)[C@@H](CCC(C)C)OC)CC[C@@]34O)[C@]2(C)C[C@@H]1O,1.461946
Cc1c(-c2ccc(C[C@H](NC(=O)c3c(F)cccc3F)C(=O)O)cc2)c(=O)n(C)c(=O)n1C,-0.113509
O=C([C@H]1C[C@@H]1c1ccccc1)N1CCC(N2CCCCC2)CC1,1.220108
Cc1nnc2n1-c1ccc(Cl)cc1C(c1ccccc1)=NC2,2.075547
Cn1cc(-c2ccc(-c3cnc(N)c4ccc(C(=O)N5CCC5)nc34)cc2)cn1,1.62941
CCCS(=O)(=O)N1CCC(CNC(=O)c2ccc(F)cc2C(F)(F)F)(C(=O)N2CCOCC2)CC1,1.342423
C[C@H](CS)C(=O)N1CCC[C@@H]1C(=O)O,1.184691
C[C@H]1Cn2c(nnc2-c2cnccn2)C(=O)N1Cc1cccc(C(F)(F)F)c1Cl,1.672098
COCCn1c(COc2ccc(F)cc2)c2c(=O)n(CCN3CCOCC3)[nH]c2cc1=O,0.146128
CC(C)c1nc2ccccc2n1Cc1ccc(C(=O)N[C@@H]2CN(C(=O)OC(C)(C)C)C[C@@H]2C(=O)NO)cc1,-0.69897
CC1CN(C(=O)Cc2nc(O)cc(N3CCOCC3)n2)c2ccccc21,0.875061
O=c1c(-c2ccc(O)cc2)coc2cc(O)ccc12,1.3202775
COc1ccc(-n2nc(C(F)(F)F)c3c2C(=O)N(c2ccc(C4(N(C)CCO)CC4)cc2)CC3)cc1,1.053078
CC(C)(F)c1nc([C@@H]2CCCN2C(=O)C[C@H](N)Cc2cc(F)c(F)cc2F)no1,1.146128
O=C(O)CCCN1CC(C(=O)O)Oc2c(OCc3ccc(OCCCCc4ccccc4)cc3)cccc21,-0.130768
O=C(N[C@@H](Cc1ccc(F)c(Br)c1)C(=O)O)c1ccc(Cl)cc1NS(=O)(=O)c1cccc2nsnc12,-1.39794
Oc1cc(COc2cc(Cl)cc(Cl)c2)n[nH]1,1.564666
CS(=O)(=O)Nc1ccc2c(c1)S(=O)(=O)NC(c1c(O)c(C3=CCCC3)nn(CCC3CC3)c1=O)=N2,-0.229148
COc1ccc(-c2oc3c(CC=C(C)C)c(O[C@@H]4O[C@H](CO)[C@@H](O)[C@H](O)[C@H]4O)cc(O)c3c(=O)c2O[C@H]2O[C@H](C)[C@@H](O)[C@H](O)[C@@H]2O[C@H]2OC[C@H](O)[C@@H](O)[C@@H]2O)cc1,-0.559545
COC(=O)N[C@H](C(=O)NN(CCC[C@@]1(Cc2ccccc2)C(=O)N([C@H]2c3ccccc3C[C@H]2O)C[C@H]1O)Cc1ccc(Br)cc1)C(C)(C)C,1.342423
CC(=O)Nc1ccc(C(O)CNC(C)C)cc1,0.399096
CC(CS)C(=O)N1CCCC1C(=O)O,1.184691
CNCC1(c2ccc(N3CCc4c(C(F)(F)F)nn(-c5ccc(OC)cc5)c4C3=O)cc2)CC1,0.414973
O=C(NCc1cc(Cl)ccc1-n1cnnn1)[C@@H]1CC=NN1C(=O)[C@H](O)Cc1ccccc1,1.041393
COc1cc(C[C@@H](CO)[C@H](CO)Cc2ccc(O)c(OC)c2)ccc1O,0.922549
CCCCCCC(N)C(=O)N[C@@H](Cc1ccc(O)cc1)C(=O)N1CCC[C@H]1C(=O)N[C@@H](Cc1c[nH]c2ccccc12)C(=O)N[C@@H](Cc1ccccc1)C(=O)N[C@@H]1O[C@H](C(N)=O)[C@@H](O)[C@H](O)[C@H]1O,0.209515
Cc1ccc(-c2ccc(N3CCOc4ncnc(N)c4C3=O)cc2)c(Cl)c1,1.220108
CC1=NC(c2cccc(-c3cccnc3)c2)(C2CCCCC2)N=C1N,1.612784
O=c1c(-c2ccc(O)cc2)coc2c(C3O[C@H](CO)[C@@H](O)[C@H](O)[C@H]3O)c(O)ccc12,-0.39897
N#Cc1ccc(NC[C@@H]2CCCN2C(=O)C[C@H](N)Cc2cc(F)c(F)cc2F)nc1,0.770852
CC(C)(O)CC(=O)NCCn1ccc2ncnc(Nc3ccc(Oc4cccc(C(F)(F)F)c4)c(Cl)c3)c21,0.7392685
C[C@H]1[C@@H](OC(=O)CCC(=O)O)O[C@@H]2OC3(C)CC[C@H]4[C@H](C)CC[C@@H]1[C@@]24OO3,0.599883
CO/N=C(/C(=O)NC1C(=O)N2C(C(=O)O)=C(COC(N)=O)CSC12)c1ccco1,-0.267606
CC(C)CC[C@@H](O)[C@](C)(O)[C@H]1CC[C@@]2(O)C3=CC(=O)[C@@H]4C[C@@H](O)[C@@H](O)C[C@@]4(C)C3CC[C@]12C,1.28
CC(C)C[C@@H]1NC(=O)[C@@H](CC(C)C)NC(=O)[C@@H](CC(C)C)NC(=O)[C@@H](CC(C)C)NC(=O)[C@H](Cc2c[nH]c3ccccc23)NC(=O)[C@@H]2CCCN2C1=O,-0.443697
O=C(O)c1ccccc1,1.995
CN[C@@H](Cc1ccccc1)C(=O)N[C@@H](C)C(=O)N[C@@H](C)C(=O)NCC(=O)NCC(=O)N(C)[C@@H](Cc1ccccc1)C(N)=O,-0.060481
CCOC(=O)N1CCC(=C2c3ccc(Cl)cc3CCc3cccnc32)CC1,1.681241
CC1=C(C(=O)O)N2C(=O)C(NC(=O)C(N)c3ccccc3)C2SC1,-0.36
NCCCC[C@H](N[C@@H](CCc1ccccc1)C(=O)O)C(=O)N1CCC[C@@H]1C(=O)O,-0.66
CC(=O)N1CCN(c2ccc(OC[C@@H]3CO[C@@](Cn4ccnc4)(c4ccc(Cl)cc4Cl)O3)cc2)CC1,1.246135
COc1cc2c(cc1OC)[C@]13CCN4CC5=CCO[C@@H]6CC(=O)N2[C@@H]1[C@@H]6[C@@H]5C[C@@H]43,1.221358
C=CCN1CC[C@]2(C)c3cc(O)ccc3C[C@@H]1[C@@H]2C,1.305351
O=C(O)CN1C(=O)C2(CC(=O)N(Cc3ccccc3)C2=O)c2cc(Cl)ccc21,0.477121
C/C=C\C=C/CC/C=C/C=C/C(=O)NCC(C)C,1.755875
COc1ccc(-c2cc(=O)c3ccc(OC)cc3o2)cc1,1.39897
Cn1c2c(c3ccccc31)C(=O)C(Cn1ccnc1)CC2,2.041393
CC(C(=O)O)c1ccc(-c2ccccc2)c(F)c1,1.34
CNC1(c2ccc(N3CCc4c(C(F)(F)F)nn(-c5ccc(OC)cc5)c4C3=O)cc2)CC1,0.690196
CN(C)CCC(Oc1ccc(NC(=O)Nc2ccc3c(ccn3C)c2)cc1)c1ccccc1,0.763428
CC(C)C[C@H](CO)Nc1nc(SCc2ccccn2)nc2nc(N)sc12,0.20412
CC(=O)Nc1nc2ccc(-c3ccc(N)nc3)cc2s1,1.662758
N#CCNC(=O)c1ccc(-c2ccnc(Nc3ccc(N4CCOCC4)cc3)n2)cc1,1.482874
NS(=O)(=O)c1ccc(C2=C(c3ccccc3)C(=O)OC2)cc1,1.38
O=C(c1cnccc1Oc1cc(Cl)ccc1Cl)N1CCN(C2CC2)c2ccccc21,0.829304
CO[C@H]1C(=O)[C@]2(C)CC[C@H]3OC[C@@]3(OC(C)=O)[C@H]2[C@H](OC(=O)c2ccccc2)[C@]23OC(=O)O[C@H]2[C@H](OC(=O)[C@H](O)[C@@H](NC(=O)OC(C)(C)C)c2ccccc2)C(C)=C1C3(C)C,0.421604
CC(C)c1nnc2ccc(-c3c[nH]nc3-c3cc(F)ccc3F)cn12,0.778151
COc1ccc2ccc(=O)n(CCN3CCC(NCc4ccc5c(n4)NC(=O)CO5)CC3)c2n1,0.041393
O=C(NCCN1CCOCC1)c1cc(Oc2ccc3sc(Nc4ccc(Br)cc4)nc3c2)ccn1,1.0
C[C@H](NC(=O)[C@H](N)Cc1ccccc1)C(=O)N[C@H](CO)C(=O)O,-0.281999
NC1CONC1=O,0.5593545
CC[C@H](C)[C@@H]1NC(=O)[C@@H]2CCCN2C(=O)[C@H](Cc2ccccc2)NC(=O)[C@H](C)NC(=O)c2csc(n2)[C@H](C(C)C)NC(=O)[C@@H]2CCCN2C1=O,0.568202
CC(C)(O)CC[C@@H](O)[C@](C)(O)[C@H]1CC[C@@]2(O)C3=CC(=O)[C@@H]4C[C@@H](O)[C@@H](O)C[C@@]4(C)C3CC[C@]12C,1.21
COc1ccc2c(O[C@H]3C[C@H]4C(=O)NCCCC/C=C\[C@@H]5C[C@@]5(C(=O)NS(=O)(=O)C5CC5)NC(=O)[C@@H]4C3)nc(-c3ccc(F)cc3)nc2c1C,0.477121
CC(C)(C)OC(=O)NC[C@H]1CC[C@H](CNC(=O)c2cc(N3CCC(CCN)CC3)nc3ccccc23)CC1,-0.30103
CN1C2CC[C@@H]1CC(OC(c1ccccc1)c1cccc(Cl)c1)C2,1.337729
N#Cc1ccc(NCC(F)(F)c2cccc(Cl)c2)c(F)c1CC(=O)NCCONC(=N)N,-0.09691
COC(=O)O[C@H]1C(=O)[C@]2(C)[C@@H](OC)C[C@H]3OC[C@@]3(OC(C)=O)[C@H]2[C@H](OC(=O)c2ccccc2)[C@]2(O)C[C@H](OC(=O)[C@H](O)[C@H](CC(C)C)NC(=O)OC(C)(C)C)C(C)=C1C2(C)C,0.947924
C#CC1(O)C=CC2C3CCC4=CC(=O)CCC4C3CCC21CC,1.326336
CS(=O)(=O)Nc1ccc2c(c1)S(=O)(=O)NC(C1=C(O)C3CCCN3N(Cc3ccc(F)cc3)C1=O)=N2,-0.69897
COc1ccc(/C=C/C(=O)O)cc1OC,1.298853
Cc1cc2c(O)n(Cc3ccccc3C#N)c(N3CCC[C@@H](N)C3)nc-2n1,0.639486
C[C@@H](Oc1cc(-c2cnn(C3CCNCC3)c2)cnc1N)c1c(Cl)ccc(F)c1Cl,0.982271
Nc1nc2c(ncn2C2[C@@H](CO)C[C@@H]2CO)c(=O)[nH]1,-0.06
C[C@@H]1NC(=O)[C@@H](C)NC(=O)[C@H](C)N(C)C(=O)[C@@H](C)N(C)C(=O)[C@@H](C)NC(=O)[C@H](C)N(C)C1=O,0.18
CSc1ccc2ncn(/C=C/C(=O)O)c(=O)c2c1,1.078766
CNC(=O)c1cc(Oc2ccc3sc(Nc4ccc(Cl)cc4)nc3c2)ccn1,1.0
O=c1cc(-c2ccccc2)oc2cc(O)cc(O)c12,0.989403
CCc1oc(O)c(Cc2c(O)c(CC=C(C)C)c(O)c(C(C)=O)c2O)c(=O)c1C,1.29
Cn1c(=O)c(-c2cc(C(=O)NC3CC3)ccc2Cl)cc2cnn(-c3c(F)cccc3F)c21,1.39794
N[C@@H](Cc1ccc(-c2ccccc2)cc1)C(=O)N1CCSC1,0.658965
COc1ccc(CC(C)NCC(O)c2ccc(O)c(NC=O)c2)cc1,0.37
Cn1c(N2CCN(CCCN3c4ccccc4COc4ccc(CC(=O)O)cc43)CC2)cc(=O)n(C)c1=O,0.477121
O=C(O[C@H]1Cc2c(O)cc(O)cc2O[C@H]1c1ccc(O)c(O)c1)c1cc(O)c(O)c(O)c1,-0.84
CC(=O)NCC(=O)N[C@@H](CC(N)=O)C(=O)N[C@@H](C)C(N)=O,-0.59
COCC(C)n1cc(C(=O)C(=O)Nc2ccc(OC)nc2)c2ccccc21,1.526339
CC(C)[C@H](NC(=O)CCN(C)C)c1cccc(F)c1N1CCN(C(=O)[C@H](C)Cc2ccc(Cl)cc2)CC1,1.0
CC1(c2cccc(-c3cncnc3)c2)N=C(N)CCS1,1.322219
Cn1ncc2cc(Cc3[nH]nc4ccc(C(=O)N5CCC(F)(F)C5)cc34)ccc21,1.523746
O=C1CN(Cc2ccc(-c3ccc(F)c(CN4CCS(=O)(=O)CC4)n3)cc2)C(=O)N1C1CC1,1.238046
COC(=O)c1ccc(-c2ccc(O[C@H]3O[C@H](CO)[C@@H](O)[C@H](O)[C@@H]3O)cc2)cc1,0.62634
O=C(c1ccccc1C(F)(F)F)N(CC1CCC1)[C@H]1CCNC1,1.20412
CCCCOC(=O)N1CCN(C(=O)[C@H](CCC(=O)O)NC(=O)c2cc(OCCOC)cc(-c3ccccc3)n2)CC1,0.041393
CC1NC(=O)C(CC(=O)O)NC(=O)CNC(=O)CNC(=O)C(C)NC(=O)C(Cc2c[nH]c3ccccc23)NC1=O,-1.030758
CN(C)C(=O)c1cc(CN(C)c2cc(F)cc(F)c2)c2oc(N3CCOCC3)cc(=O)c2c1,1.556303
Cc1cc(O)cc(C)c1C[C@H](N)C(=O)N1CCC[C@H]1C(=O)N[C@@H](Cc1c[nH]c2ccccc12)C(=O)N[C@@H](Cc1ccccc1)C(N)=O,-0.58203
O=C(NCc1cc(Cl)ccc1-n1cnnn1)[C@@H]1C[C@@H]2C[C@@H]2N1C(=O)[C@H](O)Cc1ccccn1,0.079181
NC(=O)c1cncc(-c2ccc([C@H]3CC[C@H](CCO)CC3)cc2)n1,1.579784
NC(C(=O)NC1C(=O)N2C(C(=O)O)=C(CSc3c[nH]nn3)CSC12)c1ccc(O)cc1,-0.119186
O=C1C[C@@H]2OCC=C3CN4CC[C@]56c7ccccc7N1[C@H]5[C@H]2[C@H]3C[C@H]46,1.49138
Cc1nn(-c2ccnc(Nc3ccc4c(c3)c(Cl)c(C)n4C)n2)cc1CN1CC(O)C1,0.431364
C=CCOc1ccccc1OCC(CNC(C)C)OC(=O)C1CC1,1.807954
CC(=O)N[C@@H](CCN1[C@@H]2CC[C@H]1C[C@@H](n1c(C)nc3c1CCN(C(=O)C(C)(C)C)C3)C2)c1cccc(F)c1,0.0
C[C@H]1Cn2c(nnc2-c2ccc(F)cc2)CN1C(=O)c1cccc(C(F)(F)F)c1Cl,1.571709
CCN(CC)CCNC(=O)c1cc(Cl)c(N)cc1OC,1.348729
CNC(=O)[C@@H](Cc1ccccc1)NC(=O)[C@@H](Cc1ccccc1)NC(C)=O,0.950073
CC[C@H](C)[C@@H]1NC(=O)[C@H](Cc2ccc(O)cc2)NC(=O)[C@H](Cc2ccccc2)NC(=O)CNC(=O)[C@H](C(C)C)NC(=O)CNC1=O,-1.221849
CC(C)C[C@@H]1NC(=O)[C@@H](Cc2ccccc2)N(C)C(=O)[C@H](CC(=O)O)NC(=O)CNC(=O)[C@H](CCCN=C(N)N)N(C)C(=O)CNC1=O,-1.522879
O=C(NCc1cc(Cl)ccc1-n1cnnn1)[C@@H]1[C@@H]2C[C@@H]2CN1C(=O)[C@H](O)c1ccccc1F,0.361728
C[C@@H]1NC(=O)[C@@H](C)NC(=O)[C@H](C)NC(=O)[C@@H](C)NC(=O)[C@@H](C)N(C)C(=O)[C@H](C)NC1=O,0.18
COc1cc(C2(c3cccc(-c4cncnc4)c3)N=C(N)c3c(F)cccc32)ccn1,1.322219
CC1(C)OC2COC3(COS(N)(=O)=O)OC(C)(C)OC3C2O1,1.459995
CC(=O)NCC1CN(c2ccc(N3CCOCC3)c(F)c2)C(=O)O1,0.838849
COc1cc(C)c(S(=O)(=O)N(C)CCOCC(=O)N2CCN(C3CC4CCC(C3)N4C)CC2)c(C)c1,0.079181
CC(C(=O)O)c1ccc2c(c1)CC(=O)c1ccccc1S2,1.6
O=C(N[C@@H]1CCC[C@@H]1C(=O)NO)c1ccc(Cn2c(C3CC3)nc3ccccc32)cc1,0.30103
Cn1cnc(S(=O)(=O)N(CCN(Cc2cncn2C)c2ccc(C#N)cc2)CC2CCCCC2)c1,0.1767423333333333
COCCn1cc(C(=O)c2cccc3ccccc23)c2cccnc21,1.414973
CCN(CC)Cc1c(O)c(OC)c(O)c2c1C(=O)O[C@@H]1[C@@H](O)[C@H](O)[C@@H](CO)O[C@@H]21,-0.142668
CCCc1nn(C)c2c(O)nc(-c3cc(C(C)=O)ccc3OCC)nc12,1.633468
CC(C)(C)CCN1C(=O)C(C2=NS(=O)(=O)c3cc(NS(C)(=O)=O)ccc3N2)=C(O)C2CCCN21,-0.356547
CC(C)C[C@H](NCCN)c1cccc(F)c1N1CCN(C(=O)[C@@H](Cc2ccc(Cl)cc2Cl)N2CCCC2=O)CC1,0.30103
CC(C)c1nnc2ccc(-c3cnoc3-c3cc(F)ccc3F)cn12,1.612784
COC(=O)N1C[C@H](C(=O)NO)[C@H](NC(=O)c2ccc(OCc3cc(C)nc4ccccc34)cc2)C1,-0.39794
Nc1nc(=O)c2ncn([C@@H]3C[C@H](CO)[C@H]3CO)c2[nH]1,-0.055517
COc1cc(Sc2c(-c3ccncc3)[nH]c3ccccc23)cc(OC)c1OC,0.6708235
COC(=O)O[C@H]1C[C@H]2OC[C@@]2(OC(C)=O)[C@H]2[C@H](OC(=O)c3ccccc3)[C@]3(O)C[C@H](OC(=O)[C@H](O)[C@@H](NC(=O)OC(C)(C)C)c4ccccc4)C(C)=C([C@@H](OC)C(=O)[C@]12C)C3(C)C,0.843233
NC(Cc1ccc(O)c(O)c1)C(=O)O,0.176091
CCC1OC(=O)C(C)C(=O)C(C)C(OC2OC(C)CC(N(C)C)C2O)C(C)(OC)CC(C)C(=O)C(C)C2N(CCCCn3cnc(-c4cccnc4)c3)C(=O)OC12C,0.640084
O=C(Cc1nc(O)cc(N2CCOCC2)n1)Nc1ccc(F)c(Br)c1,-0.09691
O=C(O)CCCN1CC(C(=O)O)Oc2c(NC(=O)c3ccc(OCCCCc4ccccc4)cc3)cccc21,-0.744727
O=C(O)c1cc(=O)c2c(OCC(O)COc3cccc4oc(C(=O)O)cc(=O)c34)cccc2o1,-0.886056
COC(=O)Nc1nc2ccccc2[nH]1,1.898814
Cn1c(N)nc2ncc(-c3ccccc3)cc21,1.179488
NC1=NC(c2cccc(-c3cncnc3)c2)(c2ccnc(C(F)(F)F)c2)c2cccc(F)c21,1.591065
